,label,tweet
0,0,"@subtanyarl First love ku, orang yang nemuin kuncirku pas sd ğŸ™‚."
1,0,I still love this quote from my daughter when she was 10 years old!  #Welsh https://t.co/GWE5YCVlHB
2,0,"I love him with all my heart Iâ€™m glad he feels like that :,) https://t.co/PHLgKkzP81"
3,0,@kamekazu223_bot ã‚«ã‚ºãƒ¤ã®ã‚¨ãƒƒãƒ
4,0,"RT @inksoomissedit: Kyungsoo Chanyeol and Kris a trio we'd LOVE to see again!! The OG heart line ğŸ˜­

 https://t.co/YAetsKMC4Z

#DYOCON #Kyunâ€¦"
5,0,RT @_1Tru: Ppl donâ€™t love you ğŸ˜‚ğŸ˜‚ they be loving how you hold shit down frl.
6,0,"RT @Kartheeek943: """" Intiki jagartha ga velandi, intlo me amma nanna eduru chustaru""""   these lines shows his love towards his fans
@tarak9â€¦"
7,0,RT @BubblesxMakeup: à¸Šà¸µà¹‰à¹€à¸›à¹‰à¸²à¸²à¸² à¹€à¸¡à¸·à¹ˆà¸­à¸§à¸²à¸™à¹à¸§à¸° gourmet market à¹€à¸ˆà¸­ pepperidge farm à¸¥à¸”à¸£à¸²à¸„à¸²à¹€à¸«à¸¥à¸·à¸­97à¸šà¸²à¸—à¸ˆà¸²à¸149 à¸ªà¸²à¸§à¸à¸„à¸¸à¹‰à¸à¸à¸µà¹‰à¸£à¸µà¸šà¹„à¸›à¸•à¸³à¸ˆà¹‰à¸²ğŸªğŸªğŸª https://t.co/wâ€¦
8,0,"RT @ErikBootsma: The great irony of the sophistry that being in favor of classical architecture is somehow a codeword for being a ""white suâ€¦"
9,0,@natnewangel I love it!!
10,0,@BTS_twt OMG I LOVE YOU GUYSSS
11,0,RT @TheGlassCactus: @LisaRieffel We had to cover this because its 10x better than anything we've ever wrote! Love it! https://t.co/LFMtqXOiâ€¦
12,0,@BTS_twt AAAH I LOVE YOU!!!
13,0,@BTS_twt @tkoocult I LOVE YOU
14,0,"RT @ShopeeID: EXO-L!!! Kita mau giveaway Album EXO - Love Shot nih! ğŸ¤© Ini dia cara ikutan giveawaynya:

1. FOLLOW @shopeeid
2. RT &amp; LIKE twâ€¦"
15,0,"RT @syukerys: Remember , real love will never make u look like a fool"
16,0,"Thank you, my love, for everything you are to me. ğŸ§¡#EpitomeOfPerfection131 https://t.co/Vu8KcHpHWR"
17,0,"RT @ronalucas_: i love my mom, today, tomorrow and always."
18,0,RT @_tinabean: I love when I immediately feel comfortable reciprocating affection and physical touch.
19,0,"RT @devilll01: à¸§à¸±à¸™à¸™à¸µà¹‰à¸£à¸²à¸¢à¸à¸²à¸£ YWY à¹€à¸ˆà¸­à¸„à¸¹à¹ˆà¹à¸‚à¹ˆà¸‡à¸­à¸­à¸™à¹à¸­à¸£à¹Œà¸à¸£à¹‰à¸­à¸¡à¸à¸±à¸™ 6 à¸£à¸²à¸¢à¸à¸²à¸£ OMG! Fighting à¸¡à¸²à¸ªà¸¹à¹‰à¹„à¸›à¸”à¹‰à¸§à¸¢à¸à¸±à¸™ 
#0509YouthWithLISA
#YouthWithYouEP18 httpsâ€¦"
20,0,@SPRB97 He just wants to know know know know what is love
21,0,"RT @RickStarkRadio: The incredible @butchwalker has a new record out today, â€˜American Love Storyâ€™!  Itâ€™s a â€œrock operaâ€ about overcoming haâ€¦"
22,0,"RT @kaalabhairava7: Here is the CDP for the birthday of our Komaram Bheem, N-T-R 
The man whoâ€™s talent has no boundaries! 
Tarak Anna is loâ€¦"
23,0,RT @imagetwts: who doesn't love choco butternut?? ğŸ˜ https://t.co/BvnGWmYjjW
24,0,RT @JIBOMI: @brookeejolene Awww thank you so much my love!!! Iâ€™m so glad to know you and your beautiful spiritâ¤ï¸â¤ï¸â¤ï¸
25,0,RT @WilliamPennFdn: Congrats to @SheridanTigers teacher Diana Ryan for your recognition from @BookTrustUSA! Weâ€™re proud to support the partâ€¦
26,0,@CavershamUnited Love you! And you are most welcome!
27,0,"RT @NtrVattepu: Ye Celebrity Aina Sare Ela DP pedathara Na Baby Pettadu ğŸ˜˜ğŸ˜˜ğŸ¤©ğŸ¤©
Love you @VishwakSenActor â¤ï¸

#NTRBirthdayCDP https://t.co/aTaâ€¦"
28,0,@meanme0w i love u baby
29,0,@JonahDispatch Love the dingo.
30,0,"RT @67scarlette: @mariejoylove @mro530 @aldenrichards02 @mainedcm @diamondmaestro1 @nmasistio @ndcmfrjf @twinflame233 @paella_cuenca ""I donâ€¦"
31,0,"RT @xx_qiieruuu: 5 facts = 5 tags
â„ï¸ Clumsy
â„ï¸ Currently addicted: RPG/MMORPG
â„ï¸ A loli in real life haha (Im short lol)
â„ï¸ I love cat ğŸ˜
â„ï¸â€¦"
32,0,"Cheers to All the #dogmoms who work hard to give us a Spoiled Life â¤â¤
Happy #nationaldogmomday
.
We'd Love see a piâ€¦ https://t.co/BPJznaHErk"
33,0,"RT @BTS_twt: í• ë¦¬ê°ˆë¦¬ê³¼ ì„ì§„ì”¨ì™€ì˜ ì¦ê±°ìš´ ë¼ë””ì˜¤!
#0613FM_0509 https://t.co/A7yPZpWjZs"
34,0,My sister so smart. I love that about her
35,0,"ê·¸ëŒ€ë¥¼ ì‚¬ë‘í•´ My Love â™¥ 
ê·¸ëŒ€ë¥¼ ì‚¬ë‘í•´ My Love â™¥ 
ê·¸ëŒ€ë¥¼ ì‚¬ë‘í•´ .. ë‚œ ê·¸ëŒ€ë¥¼ ì‚¬ë‘í•´ ..
ë‚œ ê·¸ëŒ€ë¥¼ ì‚¬ë‘í•´ My Love â™¥ 
ì—ë¸”ë°”ë¦¬ ì»¤ëª¬ .. ì—ë¸”ë°”ë¦¬ ã…Œì»´ì˜¨ ì—ë¸”ë°”ë¦¬ ì»´ì˜¨ ë¹ ë¹ ì•¼â€¦ https://t.co/ZdiicIZMmW"
36,0,"RT @Fathi_nass: â€œYour parents can't be replaced. Love them, respect them, listen to them, care for them and most importantly pray for them.â€¦"
37,0,ä»Šæ—¥5ãƒ¶æœˆè¨˜å¿µã ã—å…ƒæ°—å‡ºã•ãªãã‚ƒã ã­
38,1,"Idk but for me, those who hate theater films or plays must just have jumped over poodles, but those who learned toâ€¦ https://t.co/NfdfcF0EgP"
39,0,Hi dotdot n friends love u ğŸ˜šğŸ˜šâ¤
40,0,"RT @kyotoanilove: äº¬éƒ½å‹•ç‰©æ„›è­·ã‚»ãƒ³ã‚¿ãƒ¼ã§æ–°ã—ã„é£¼ã„ä¸»ã•ã‚“ã‚’å‹Ÿé›†ã—ã¦ã„ã‚‹ã€Œç§‹å¤ªï¼ˆã‚ããŸï¼‰ã€ã‚’ã”ç´¹ä»‹ï¼
å¤§å‹çŠ¬ã¨ã„ã†ã“ã¨ã‚‚ã‚ã£ã¦ã€ãªã‹ãªã‹è‰¯ã„ã”ç¸ã«å·¡ã‚Šä¼šãˆã¦ã„ã¾ã›ã‚“ãŒã€æ¯æ—¥å…ƒæ°—ã«éã”ã—ã¦ã„ã¾ã™â™ªã”èˆˆå‘³ã®ã‚ã‚‹æ–¹ã¯äº¬éƒ½å‹•ç‰©æ„›è­·ã‚»ãƒ³ã‚¿ãƒ¼ã¾ã§ï¼è©³ã—ãã¯â†’https://â€¦"
41,0,@BTS_twt OMG I LOVE YOUUUUU
42,0,"RT @dubuddubu: Hello twitter world! 

We are reaching out for your help, for financial assistance, for prayers, and for your love for my 5â€¦"
43,0,"RT @sereneivana: Team nguso all the way! You both are so cute! I love youuuuu. 
#VananaPanalo ğŸ’™ https://t.co/KWP96AdGWM"
44,0,RT @BET: #BETRemembers the legendary music exec Andre Harrell. It is with sadness that we must confirm he has passed away. Sending love toâ€¦
45,0,"I'm almost done with my MasterClass course on The Art of Storytelling, taught by @neilhimself &amp; I can say, withoutâ€¦ https://t.co/edXDJbIEpj"
46,1,"ğŸ¶""We've been close a long time as close as friends can be but in my heart is a secret  for only you and me I triedâ€¦ https://t.co/1xHPjrgPTl"
47,1,"RT @reddogsusie: #TX #ABILENE
ğŸ†˜ğŸ†˜STILL THERE Wilma 2yo adorable Pittie mix girl GOING UNNOTICED after months at the shelter! Desperately neeâ€¦"
48,0,RT @rihanat_sona: I hope my in-laws love Coco pops
49,0,@somchoa0304 ëˆ„ê°€ ìš°ë¦¬ ì†œì´¤ ì†ìƒí•˜ê²Œ í•´! ã…œã…œ ë‚´ê°€ ë‹¤ ì†ìƒí•´
50,0,ã‹ã‚ã‚†ã„ã®ã§ã¯ã€‚ã€‚ã€‚ã‚ã¨å°‘ã—ã‹ã­ã€‚ã€‚ https://t.co/kEwjium9rZ
51,0,"RT @tuziwwx: 200509 #xiaozhan studio official weibo

letâ€™s all face the light with the strength of our love. #xiaozhan goes on stage once aâ€¦"
52,0,@BTS_twt WE LOVE YOUU
53,0,@BTS_twt I LOVE YOUUUUU
54,0,RT @VirtuaIKirito: 2 students in love / 2 warriors in love https://t.co/MQ4IKLiOCW
55,0,"ãƒãƒªã‚¢ã®çˆªç—•ï¼ˆã‚„ã£ãŸã‹ãªï¼‰ã®æ™‚ã‚‚Love is Hereã®ã¨ãã‚‚ka-yuã‚¬ãƒ³ç„¡è¦–éãã‚‹ç¬‘
ã‚½ãƒ­ã®æ™‚ã«æ¥ã‚‹ka-yuãŒæ‚ªã„ã‚“ã‹ï¼Ÿã£ã¦ãªã‚“ã‹ã„ã‚ã„ã‚è€ƒãˆè¾¼ã‚“ã§ã—ã¾ã†ãƒ¬ãƒ™ãƒ«
æŒ‡æ¿ã˜ã‚ƒãªãã¦ka-yuè¦³ã¦ã‚ã’ã¦ã‚ˆã‰ã‰ã‰"
56,0,"RT @IamJagguBhai: Great opportunity to express my love to all the fans who shared selfless love to TARAK and made him huge.
@tarak9999 #NTRâ€¦"
57,0,Ano ba tong mga kaibigan ko parang kulang sa pansin mga di love ng nanay nila
58,0,RT @overlyorganic: I read somewhere that people with anxiety LOVE rewatching old tv shows and movies they have seen millions of times bc thâ€¦
59,0,@pall_com @EricaJong Would love to have the time...
60,0,RT @BobOngHugots: I love the music that explains exactly how I feel.
61,0,"RT @aproko_doctor: Shout out to everyone trying their best to make sure that the ones they love are taken care of.

Sometimes it's hard, soâ€¦"
62,0,When no one was around and you didnâ€™t have it niggas showed the most love to you
63,0,"RT @GOT7_JYP: [PIC] When My Love Blooms Behind 

https://t.co/oylrof6ZE9

#GOT7 #Jinyoung #ê°“ì„¸ë¸ #ì§„ì˜ 
@GOT7Official 
#í™”ì–‘ì—°í™” https://t.co/6cgqhâ€¦"
64,0,@BTS_twt OMG I LOVE YOU!!!
65,0,mum i super love this kid ğŸ¥º https://t.co/zZcHE563Uy
66,0,"Love the skin you're inÂ® Get ready to treat your skin with our high-end technology by #Lutronic 
#skyn #staysafeâ€¦ https://t.co/I7ccuu9h8z"
67,0,@BTS_twt I LOVE YOU GUYS
68,0,"RT @MewGulf_ChinaFC: ã€WUV for MewGulf Project ã€
Project Four: 
SHINING LOVE x MewGulf ~ã€Guangzhouã€

Dateï¼š20 -26 May 2020
Timeï¼š08:30 AM - 22â€¦"
69,0,@BobbyBuenosdias Lmaoo love it
70,0,"Bakit kaya opm bands like IVOS, Callalily, ben &amp; ben, December Avenue and such ay wala pang  concert in MOA, Aranetâ€¦ https://t.co/qeHOnX6RmE"
71,0,"RT @choi_bts2: Suga ğŸ¯ğŸ™ 0509 
Jin left saying loudly ""ARMYs I love you!!!!!!"" @BTS_twt"
72,0,@BTS_twt i love you i love you i love you
73,0,"RT @Voice_For_India: Hinduism shows Respect for All life, humans &amp; animals as God is Everywhere and in All. In Christianity &amp; Islam it is oâ€¦"
74,0,"@BenMyers1 Dear Ben, my husband and I (not the queen but if I just wrote Bob you wouldn't know) have loved your booâ€¦ https://t.co/PPiWZYnJJE"
75,0,RT @RACHxYOON: every time i hear the papers rustling it makes my heart warm because yoongi prepares ahead of time for each of his radio shoâ€¦
76,0,@ArpitaCreations he deserves all the love ğŸ¤§ğŸ’—
77,0,"@offclASTRO I just want you to know that I love you! #ASTRO and Arohas are family for me! #ì•„ìŠ¤íŠ¸ë¡œ Fighting
 â‹† #GATEWAY â‹† #KNOCK â‹† #ë„ì°¾ì•„ê°€ â‹†"
78,0,"RT @ashwinmawle: Happy to present #NTRBirthdayCDP to you all ğŸ˜‡
My inspiration, An amazing friend and my pillar of strength ğŸ’¥
Love you tarakâ€¦"
79,0,RT @_parinkpinnk: love again à¹€à¸à¸´à¸™à¸«à¸™à¹‰à¸²à¹€à¸à¸´à¸™à¸•à¸²à¸¡à¸²à¸ https://t.co/TcjjILIgGZ
80,0,"RT @leohdear: Instagram stories are banging, love the solidarity but if you Venmo a mutual aid network in your community that would slap evâ€¦"
81,0,@omoshiroi_love ã¦ã‹ãƒ„ã‚¤ã‚¹ãƒ†å¢ç¹‹ãŒã‚ï¼ç§ã®ï¼(â†ä½•è¨€ã£ã¨ã‚‹ã‚“w)
82,0,"RT @erigganewmoney: Love your self 

Itâ€™s trending https://t.co/yLNcQiZANh"
83,0,"@galaxypied oh ig you're right :( but catfishing is not the right way, bts said love yourself :("
84,0,"ë¯¼ì„ì´ëŠ”
ë£¨í•œì´êº¼ https://t.co/UDpM5w8E9w"
85,0,"RT @ItsNancy81: New Video incl. DATDROP BATTLE  GIVEAWAY 

âœ… Watch The Video For Instructions 
âœ… Rolled through YT COMMENTS 
âœ… Announcing oâ€¦"
86,0,@BTS_twt I LOVE YOY
87,0,"RT @keentbelieve: i love my mom, she's the best"
88,0,I love his energy!!! The Liquid metal ğŸ˜‚ğŸ˜‚ğŸ˜‚ https://t.co/32dOyFvq89
89,0,"RT @sannbosyan: ãƒ¼äº¡ãã™ãªã‚ˆã€ã‚¢ã‚¤ãƒ‡ãƒ³ãƒ†ã‚£ãƒ†ã‚£ãƒ¼

#ãªãƒ¼ãã‚“
#ã ã„ã‚ˆã’ã‚“
#ã™ã¨ã·ã‚Šã‚®ãƒ£ãƒ©ãƒªãƒ¼ https://t.co/sA2mk0a7XS"
90,0,love yoouuuuuuu https://t.co/2RhfczUojG
91,1,"RT @Summ2x_: You may know me as Summer Long but in Delta Land , I said BUT IN DELTA LAND , Iâ€™m known as HeaDSTrong .. all of my life this hâ€¦"
92,0,"message to..

1. Hello
2. Hi
3. I love you all
4. Inuman naman jan after ecq
5. Amin ka na hahaha
6. Balik mo pag mâ€¦ https://t.co/LZQgPOLTg2"
93,0,"@haru_love_root å¬‰ã—ã™ãã¦æ€è€ƒåœæ­¢ã—ãŸã‚ˆï¼Ÿï¼Ÿ
ã‚ã‚ŠãŒã¨ã†ğŸ˜­"
94,0,i love trampolining ğŸ˜¸ğŸ’—
95,0,@BTS_twt I LOVE U
96,0,"RT @Ra_Bies: Instead of posting such a long message, you could just have tweeted this pic. Love you sir https://t.co/MJxXDcRbJr"
97,0,@BTS_twt LOVE UUUUU
98,0,"RT @appajeong: Bringing back this Jeongyeon confessing her love for members as 1st win speech and made @JYPETWICE flustered on stage
https:â€¦"
99,0,@BTS_twt HELLO I LOVE YOU
100,0,RT @NickEd82: @CascadeMedusa The main thing about Farscape is just how insanely hot Ben Browder is in it. (But also I love the characters aâ€¦
101,0,"RT @_nojam_nolife: 9ì–µë·° DNA
7ì–µë·° ì‘ì€ì‹œ
6ì–µë·° ë¶ˆíƒ€ì˜¤ë¥´ë„¤, FAKE LOVE, Mic Drop, IDOL
5ì–µë·° ì©”ì–´, í”¼ë•€ëˆˆë¬¼
4ì–µë·° Save ME, Not Today
3ì–µë·° ìƒë‚¨ì, ë´„ë‚ 
2ì–µë·° í˜¸ë¥´ëª¬ì „ìŸ, I NEED Uâ€¦"
102,0,"@oxox777xoxoxo 
ã”å›ç­”ã„ãŸã ãã‚ã‚ŠãŒã¨ã†ã”ã–ã„ã¾ã™ğŸ˜†ãœã²ãƒã‚­ãƒ³ã‚¿ãƒ„ã‚¿ã§æ—¥æœ¬ã‚’å‘³ã‚ã£ã¦ãã ã•ã„â—ï¸#ãƒã‚­ãƒ³ã‚¿ãƒ„ã‚¿ 5/13(æ°´)ã‹ã‚‰è²©å£²é–‹å§‹ğŸŠ
ã“ã¡ã‚‰ã®ã‚¯ãƒ¼ãƒãƒ³ã§ãœã²ãŠè©¦ã—ãã ã•ã„ğŸ‘â€¦ https://t.co/VgbJXtX67v"
103,0,Aww I love this idea https://t.co/OC2Wgl3ZyW
104,0,@regine_mhar love u ğŸ˜š
105,0,RT @webscoundrel: gay people love to tweet like **** * ********* **** **** like bitch can i buy a vowel
106,0,"@tomiqkid You are swag too my dear tomi, i love you"
107,0,"RT @BTSARMY_Salon: When we make music
ğŸ± i can write music better at late night
ğŸ¹ right
ğŸ± like at 2am
ğŸ¹ ..well it depends on person
ğŸ± 2am
ğŸ¹â€¦"
108,0,ìŠ¤ë“€í•´ì•¼ì§€~~ í• ê²Œ ì—†ìœ¼ë‹ˆ ê²Œì„ì„ í•  ìˆ˜ë°–ì—...
109,0,"RT @KFortuno_: REPLAYING ONE OF MY FAV SCENES HAHAHAHAHAHAHA I LOVE YOU AJ â¤

#AngHulingElBimbo https://t.co/IpOtpwOpf6"
110,0,"RT @KhristoJuggler: ...listen, I love Cape Town man ğŸ˜‚ https://t.co/qd5mPT3aza"
111,0,Yâ€™all love to circulate child abuse like itâ€™s funny or sumn https://t.co/xjCUS9RT2n
112,0,RT @BrownExellence: I love being alone and undisturbed.
113,0,"RT @imjaswant_sai: """" Intiki jagartha ga velandi, intlo me amma nanna eduru chustaru""""   these lines shows his love towards his fans
@tarakâ€¦"
114,0,RT @HeroManoj1: Wishing my sweetest brother a super duper happy Birthdayyyyy â˜ºï¸ stay blessed and keep entertaining us like u always u do ğŸ¤—â€¦
115,0,RT @AdeleAntwanique: Complimented with new behavior &amp; showers of love &amp; appreciation?
116,0,"@rinu_inu_love ã‚‰ã‚€ã­ã•ã‚“ã€‚
å‰ã¯ã”ã‚ã‚“ã­ï¼Ÿã“ã‚Œã‹ã‚‰ä»²è‰¯ãå‡ºæ¥ãªã„ã‹ãªï¼ŸğŸ¥ºğŸ¥º"
117,0,I swear Iâ€™m meant to end up with Luke Bryan ğŸ˜­ Iâ€™m so in love with his country ass ğŸ˜‚â¤ï¸
118,0,"RT @wilexdy: If you stan jonaxx, without hating 4reuminct, i love you. 

If you stan 4reuminct, without hating jonaxx,  i love you

If youâ€¦"
119,0,"RT @iman21235: ğŸ‚ğŸ‰ğŸHappy Birthday ğŸğŸ‰ğŸ¤—
hope your special day fills your soul
with joy and love galore.....
ğŸŒ¸ğŸŒºğŸ’•Happy birthdayğŸ’•ğŸŒºğŸŒ¸
Thank you forâ€¦"
120,0,"@BTS_twt I LOVE YOU GUYS SO MUCH, STAY SAFE AND HEALTHY KINGS !! ğŸ’œğŸ’œğŸ’œ https://t.co/j1dBKB7zGB"
121,0,@Tgtg_HRTC_Love ãŠã¤ğŸ‘
122,0,"@YoungjaesAnkles @GOTYJ_Ars_Vita @GOT7Official I would love to see that 

#GOT7 #ê°“ì„¸ë¸ @GOT7Official"
123,0,"RT @MelindaVInman: Dear younger me:

Leave the room if you feel unkind words rising up and ready to burst out of your mouth. Simply walk ouâ€¦"
124,0,"@offclASTRO HI BINNIE I LOVE YOU
#ASTROÂ  #ì•„ìŠ¤íŠ¸ë¡œÂ  #GATEWAYÂ  #KnockÂ  #ë„ì°¾ì•„ê°€"
125,0,@BTS_twt i love you
126,0,@yomaturidao ãŠçµµã‹ãã®æ£®ã‚„ã‚“
127,0,"RT @mercury10s: no matter what love is, just love that's it"
128,0,"RT @zzabbaguri: ë°”í†¤ ë°›ê³  13ë…„ìƒ

ë°ì´ì‹ìŠ¤ ì œì´ https://t.co/iu6OP7QMXB"
129,0,"RT @masa_senpai: ğŸŒ¸ã¾ã•ãƒ”ã‚­ã‚²ãƒªãƒ©ğŸŒ¸

5æœˆ9æ—¥  21æ™‚30åˆ†
1000Ã—5 (Amazon)

æ¡ä»¶ï½œç”»åƒç¢ºèª
ãƒ•ã‚©ãƒ­ãƒ¼å…ˆ
@masa_senpai 
@sho_pik_love 

å¿œå‹Ÿï½œãƒãƒ¼ãƒ å ã¨ä»£è¡¨è€…ID ã‚³ãƒ”ãƒšç”¨ã‚‚
ã‚ã¨ãªã‚“ã‹ä¸€è¨€ã§

äº¤æ›æ @maâ€¦"
130,0,@BTS_twt I LOVE NZKSNZKSNS
131,0,"I was saying the other day how I never in my life had the opportunity to do a classic style picnic, but I would reaâ€¦ https://t.co/w0vAodyUE6"
132,0,"RT @SmilingJonghyun: Please support @NUESTNEWS a lot this CB. Especially given the pandemic, they have to perform and promote without us byâ€¦"
133,0,RT @Devmichelle02: Wear your seatbelt and tell your friends you love them every single time you see them.
134,0,ITS 5:30 AM AND I HAVENT SLEPT AND IM GONNA SCREAM.ty for reading I love you :) nh ofc tho.
135,0,@I__love__you__8 à¸…(&gt;Ï‰&lt;*à¸…)ï¾†ï½¬ğŸ’(ãƒï½¥Ï‰ï½¥)ãƒâŒ’ğŸ’
136,0,RT @Ruthprowton1: @LindaJohnPierr1 Love this!!!!ğŸ¥°â™¥ï¸
137,0,RT @JoyyUnSpeakable: Black men are literally the best with kids ğŸ˜©ğŸ˜©ğŸ˜â¤ï¸  https://t.co/sQAwQmjycp
138,0,"RT @sunnysunlisa: i'm here because of them. i love four girls... jisoo, jennie, rosÃ©, and lisa. @ygofficialblink https://t.co/gLIru4h1o6"
139,0,@BTS_twt I LOVE U SO FUCKING MUCH WTF
140,0,"@Love_Cocchi_SN ã“ã¡ã‚‰ã“ãã‚ã‚ŠãŒã¨ã†ã”ã–ã„ã¾ã—ãŸã€‚
æœ¬æ—¥ã‚‚ãŠç–²ã‚Œæ§˜ã§ã—ãŸã€‚"
141,0,@BTS_twt HI I LOVE U BOTH SM
142,0,RT @espergwiz: à¸£à¸°à¸«à¸§à¹ˆà¸²à¸‡à¸£à¸­à¹„à¸Ÿà¹à¸”à¸‡à¸™à¸²à¸™à¹€à¸à¸´à¸™à¹„à¸›  kill this love à¸Šà¹ˆà¸§à¸¢à¸„à¸¸à¸“à¹„à¸”à¹‰ https://t.co/DlnQOPSH2o
143,0,@BTS_twt HDKSLAHSHS I LOVE YOU
144,0,"RT @hvgoenka: Love this process of cut and paste..
 https://t.co/eDsbR8fTEr"
145,0,"RT @VJDeverakondaFC: Thnkyou @ActorSatyaDev â¤ğŸ¤—

Senting you Lots Of Love &amp; Strength from,
@TheDeverakonda Fans.

#HBDVijayDeverakonda ğŸ‰"
146,0,Team 7 miáº¿ng Ä‘áº¥t lÃ m ráº¥t tá»‘t rá»“ii.Em iu Xu JiaQi i love u chu cÃ  mo https://t.co/fpvqOSoBAh
147,0,"And I would say I love you
But saying it out loud is hard
So I won't say it at all
And I won't stay very long"
148,0,"RT @attackonshouto: ( #anitwt ) ğŸ’“

iâ€™m still new so i wanna make more mutuals to cry together about 2d characters!!

i like:

-bnha
-snk
-kâ€¦"
149,0,they love me #bot
150,0,"RT @Yorkscatrescue: Below is Minnie, a former YCR baby. Her mummy says â€œI love my art work, Minnies cheeky pose is captured beautifully! Iâ€™â€¦"
151,0,The people who love saying 'it's the usual suspects' are very quiet today... https://t.co/3mEmSWpuIW
152,0,@BTS_twt i love you both ğŸ’œ
153,0,@BTS_twt I LOVE YOU
154,0,"@Evan8Moxley I know, I know ğŸ˜‚ğŸ˜‚ it could be that I just really love the snow and cold lol"
155,0,@offclASTRO #ASTROÂ Â  #ì•„ìŠ¤íŠ¸ë¡œÂ Â  #GATEWAYÂ Â  #KnockÂ Â  #ë„ì°¾ì•„ê°€Â  I LOVE YOUUUU SO MUCH
156,0,"RT @KK_is_my_name_: girls be like 
â€œ 1 year with the love of my life ğŸ˜Œ my world â¤ï¸ â€   
and this is the pic https://t.co/9zPzEBHODJ"
157,0,Both. Workout then nap. Or nap then workout. https://t.co/ShR0nkxIAx
158,0,"RT @Dhanush_Rithik: @dhanushkraja Fans Love You All we smashed 100+K Tweets within 45 mins â¤ï¸ğŸ’“ğŸ™Œ

Podraa vediya ğŸ’¥ğŸ’¥ğŸ’¥

#18YrsOfKTownPrideDHANUâ€¦"
159,0,@txzierz omg i have bam and fauna too i swear theyâ€™re in love
160,0,Love the â€œtweakâ€ to the factory poster â¦@Fac51haciendaâ© #HaciendaHouseparty https://t.co/m5iF8mb2NY
161,0,"RT @carrieksada: @ChelseaClinton You have nerve Ms Hubble. 
That hag you call your mother was selling favors while in office of SoS. 
You hâ€¦"
162,0,"rest in peace Fred, u are an angel now, sending all my love to the glossy rat em ğŸ¥° @crydw https://t.co/EG1GPRfIud"
163,0,they say itâ€™s favoritism but these the ones i love the most ğŸ¤ğŸ½
164,0,RT @g032776314: Team 7 miáº¿ng Ä‘áº¥t Phi ThÆ°á»ng Nháº­t Hoan Láº¡c lÃªn!! #Non_Daily_Revelry Love Yu Shu Xin and Zhao Xiao Tang !!!! https://t.co/Y9kâ€¦
165,1,RT @1capplegate: It feels glib to promote.  But tonight we drop. Midnight on Netflix. I hope we take you out of the shit for a few hours. Lâ€¦
166,0,@BTS_twt I LOVE U BOTH SO MUCH
167,0,RT @MrTomide: There is enough love for everyone in the world. ğŸ’ğŸ’ https://t.co/wTQAg5rdPJ
168,0,"In a random post, when i expressed my love for #heritage and how i came to realise the value it possess.

#cultureâ€¦ https://t.co/1UtBGdzWZW"
169,0,"RT @sun_fiji: Feature: Yesterday, the couple donned traditional iTaukei wedding attires to tie the knot at the Marriage Registry at the Suvâ€¦"
170,0,"@MORNINGc_love_r @pearlsann 2åº¦è¦‹ã—ãŸå¾Œã‚†ã£ãã‚Š0æ•°ãˆãŸ
ä½•å›æ•°ãˆã¦ã‚‚4ã¤ã‚„ã£ãŸã€‚ã€‚ã€‚"
171,0,@ChristieGolden It's maybe a little random but I love Dread-Rider Cullen. Just a generally fun and airy personalityâ€¦ https://t.co/DGtF0DvF4E
172,0,"ãã£ãwww
 #å£°å„ªãƒ‘ã‚¸ãƒ£ãƒä¼šè­°"
173,0,"RT @kirigwi: More literature for you and your children.
again, whatever you do with this information is up to you.

There is this great proâ€¦"
174,0,"@SimFans @TheSims I'm gonna use it SO in the wrong ways, I'm in love."
175,0,@YomiBear3 I love the glow in the dark
176,0,"8. a picture of your bias ğŸ’

always loved bebi cheese ğŸ§€ since i laid my eyes on him but srsly i love them all so muâ€¦ https://t.co/T5QIdHNL4o"
177,0,RT @Onhwa__0506: ë‚œ ë³€ë°±í˜„ì˜ ì´ í™”ì¥ ì „í›„ ê°­ì°¨ì´ë¥¼ ë„ˆë¬´ë„ˆë¬´ ì‚¬ë‘í•´ https://t.co/Ew1xHlquDL
178,0,@katoneko_love ã‚ã‚ŠãŒã¨ã†ã”ã–ã„ã¾ã™ï¼
179,0,"RT @buriedgod: i love them, theyâ€™re fancy https://t.co/b1xagf2qPR"
180,0,RT @thetaskoschei: im love they https://t.co/GFFdfyZbSH
181,0,RT @bnnch__: à¸Šà¸­à¸šà¸›à¸£à¸°à¹‚à¸¢à¸„à¸—à¸µà¹ˆà¸§à¹ˆà¸²à¹€à¸£à¸·à¸­à¹à¸¡à¸ªà¹„à¸”à¹‰à¹à¸„à¹ˆà¸Ÿà¸­à¸¥à¸–à¸¹à¸à¸„à¸™à¸ˆà¸£à¸´à¸‡à¹†à¸™à¸° à¸à¸­à¸­à¸¢à¸¹à¹ˆà¸£à¸§à¸¡à¸à¸±à¸™à¹à¸¥à¹‰à¸§à¸£à¸¹à¹‰à¸ªà¸¶à¸à¹à¸¡à¸ªà¸¡à¸²à¸ à¸•à¸·à¹ˆà¸™à¹€à¸•à¹‰à¸™à¹€à¸¥à¸¢
182,0,"RT @ShekharGupta: Why liberals love to fantasise about a Narendra Modi-Amit Shah split. Five reasons

Opinion Editor Rama Lakshmi @RamaNewDâ€¦"
183,0,@BTS_twt WE LOVE YOU I OOVE YOU
184,0,"RT @marxismz: ""When we finally learn to love ourselves,our days becomes brighter and our hearts feel less heavy."""
185,0,RT @ateyaba111: Love life and life will love you.
186,0,RT @Nadinehates1: Reasons to love @Michael5SOS âœ¨ https://t.co/U9fVDiWt0F
187,0,"é€šè©±ã—ã¦ãŸæ™‚ã«æ°—ã¥ã„ãŸã‚“ã ã‘ã©ã€ãƒ—ãƒ­ãƒ¡ã‚¢ã£ã¦ï¼’ï¼”æ—¥ã§1å‘¨å¹´ãªã®â€¦â€¦ï¼Ÿï¼Ÿ
æ™‚ã®æµã‚Œã£ã¦æ—©ã„â€¦â€¦ã‚ã®å‡ºä¼šã„ã‹ã‚‰1å¹´â€¦"
188,0,RT @KennedyGagama: THE WATER TRIBE IS BASED ON INUITS! Why don't they cast an actual Inuk actress.....like Anna Lambe. I love Zendaya but dâ€¦
189,0,@BTS_twt OH I LOVE YOU SO MUCH
190,0,RT @craytusjones: This weekends #satsplat theme is betrayal. Write and/or Tweet pieces about betrayal. Interpret as you wish. All genres weâ€¦
191,0,"@mickey_tan_love â™¡mickeyâ€¦ã•ã‚“ã€ã“ã‚“ã°ã‚“ã¯
ãŠèª•ç”Ÿæ—¥ãŠã‚ã§ã¨ã†ã”ã–ã„ã¾ã™ğŸ‚ãŠ—ï¸

ã¯ã˜ã‚ã¾ã—ã¦
ãƒ•ã‚©ãƒ­ãƒ¼ã•ã›ã¦ã„ãŸã ãã¾ã—ãŸâ˜ºï¸
*ï½¡.:*ãƒ½(*Â´âˆ€ï¸`*)ï¾‰*ï½¡.:*Happy ãªä¸€å¹´ã«ãªã‚Šã¾ã™ã‚ˆã†ã«ğŸ’•ğŸ“"
192,0,"RT @u4eakooks_net: ğŸ’œi love you!
ğŸ±me too, i love you army~"
193,0,RT @RealMiniAOC: I love the Cuomo brothers! Groucho and Harpo are my favorite!
194,0,"RT @Benshopiro: Abbys thicc udders are making me so horny right now. I love suckling her milk.

I am Ben Shapiro, the american conservativeâ€¦"
195,1,RT @CvrmelGoddess: Date someone who handles conflict with maturity. Someone who lets you know when he is annoyed with you instead of bottliâ€¦
196,0,"RT @DebbsterDoo: Emotional day on your final journey as you are laid to rest, you werenâ€™t only my boss but have been part of our family forâ€¦"
197,0,RT @ACShilton: I love you PR folks but maybe just tell your clients to buy ads so media still exists after this?
198,0,i love you @kchidalgo ğŸ’™
199,0,@offclASTRO Knock knock I LOVE YOU #ASTROÂ Â  #ì•„ìŠ¤íŠ¸ë¡œÂ Â  #GATEWAYÂ Â  #KnockÂ Â  #ë„ì°¾ì•„ê°€
200,0,@tanakataro_love ã—ã‚‰ã“ã„ã¦ï¼ˆç¬‘ï¼‰ï¼ˆç¬‘ï¼‰ï¼ˆç¬‘ï¼‰
201,0,I'm infected by your love virus!
202,0,"Noelle is by far one of my favorite creatives, she puts so much effort into her work and sheâ€™s so eco friendly we lâ€¦ https://t.co/EsC9oJqH6f"
203,0,"@skylove_woon Call me hasungwoon wife ğŸ¤­ğŸ¤­ğŸ¤­ğŸ¤­ just kidding ğŸ¥ºğŸ¥ºğŸ¥º 
Nama : f
Lagu favorite ku TELL ME I LOVE YOU
My love lâ€¦ https://t.co/T1AcQy8yoB"
204,0,"â˜†â˜†åŸ¼ç‰ã€€ãƒ‡ãƒªãƒ˜ãƒ«å‡ºç¨¼ãâ˜†â˜†

ãƒ»å ±é…¬ãƒãƒƒã‚¯
60åˆ†9000
80åˆ†11000

ä¿è¨¼ 4ï½7ä¸‡å††12æ™‚é–“å¾…æ©Ÿ

ãƒ»é›‘è²»
5%

ãƒ»ãã®ä»–è©³ç´°
18ï½20å¾ŒåŠã¾ã§ã®æ–¹ã§ç´°èº«ã®æ–¹ãŒã†ã‘ã¾ã™ï¼
å†™ãƒ¡æ—¥è¨˜ã®å›æ•°å¤šã„ã§ã™ãŒé›†å®¢ã¯ã—ã£ã‹ã‚Šã—ã¦ã‚‹ã®ã§ã¤ãã£ã±ã§ã™ï¼
å¹³å‡6ï½7ä¸‡ã®ä¿è¨¼"
205,0,@BTS_twt THIS IS IT YES BABIES I LOVE YOU
206,0,I love the way you love me ~
207,0,"RT @Madhutata24: LOVE YOU @urstrulyMahesh FOREVER AND EVER AND EVERğŸ˜ğŸ˜ğŸ˜ğŸ˜ğŸ˜ğŸ˜˜ğŸ˜˜ğŸ˜˜ğŸ˜˜ğŸ˜˜â¤ï¸â¤ï¸â¤ï¸â¤ï¸â¤ï¸â¤ï¸
#1YearForExceptionalMaharshi https://t.co/TLdMTJJâ€¦"
208,0,@iMe_Dreamnote I LOVE YOU
209,0,"@mimilovelycat 
RTã‚ã‚ŠãŒã¨ã†ã”ã–ã„ã¾ã™â—ï¸#å¡™ã•ã‚“ã®è¨€ã„é–“é•ã„ã‚·ãƒªãƒ¼ã‚º ã„ã‹ãŒã§ã—ãŸã‹ğŸ˜†â“å¡™ã•ã‚“ã‚ªã‚¹ã‚¹ãƒ¡ã® #ã”ã¯ã‚“ãƒã‚­ãƒ³ã‚¿ãƒ„ã‚¿ ã¯5/13(æ°´)ã‹ã‚‰âœ¨ã“ã¡ã‚‰ã‚¯ãƒ¼ãƒãƒ³ã§ãœã²è©¦ã—ã¦ã¿ã¦ãã ã•ã„ğŸ‘â€¦ https://t.co/NutLeD2zDb"
210,0,RT @judehaste_write: #JudeHaste #contemporary #comedy #novella #IncredibleIndia   #quarantineandchill #love https://t.co/i3uLq0zDgZ #bookâ€¦
211,0,"RT @choi_bts2: ğŸ’œğŸ’œLove you too Jin, i've missed you so much!!! Thank you for coming today!!! @BTS_twt"
212,0,RT @RabbitCitee: Love for winmetawin #à¸™à¹‰à¸­à¸‡à¸§à¸´à¸™à¸¥à¹‰à¸²à¸™à¸Ÿà¸¥à¸§à¹à¸¥à¹‰à¸§à¸„à¹‰à¸²à¸šà¸«à¸¡à¹ˆà¸²à¸¡à¸µà¹Š
213,0,I LOVE U https://t.co/HoGJ77K3ub
214,0,"RT @zhongxin_90: ì—¬ê¸´ ìš°ë¦¬ë“¤ ì„¸ìƒì´ì•¼
ì´ì œ ìš°ë¦¬ë“¤ë¼ë¦¬ í–‰ë³µí•˜ê²Œ ì‚´ë©´ ë¼ https://t.co/FPilhmQDN6"
215,0,"RT @TwoodTrolls: Big fan handles are big for namesake..
@PawanKalyan fan anevaru evaraina okate..
Tweet out of your love towards #PSPK thenâ€¦"
216,0,@perthppe Love perth
217,0,@ahriman0628 ã†ãŠï¼ã‚ã¨2äººãã‚‰ã„ã„ãŸã‚‰ã‚„ã‚ŠãŸã„ã‚ã­
218,0,RT @SVTmp4: ì˜¤ë¹ ê°€... ì„ ë°°ê°€... ë¼ë–¼ëŠ”... https://t.co/jyM1dhlGNz
219,0,@thedavidhunter @jason_mraz I love that story too much ğŸ˜‚ğŸ˜‚
220,0,"@chovayR @btspopkingsx @zkdlinisjongin @hwatysehun I'm talking to the girl, I was an army, I still love and supportâ€¦ https://t.co/GwMviTfTEP"
221,0,"As long as I have my son &amp; family Iâ€™m good, Iâ€™ll always be good. Life might be difficult at times but I love my life"
222,0,RT @MrsDriscoll: Someone that I love very much lost a family member yesterday (May8) to #WUFLU #ChineseVirus #WuhanVirus too.  Because of tâ€¦
223,0,trashtalk with love HAHAHAHAHAHA
224,1,RT @kyleighcool13: â€œWaiting for the day when hate is lost and love is foundâ€ âœ¨
225,0,"RT @gazuntype: i built a new mobile game and would love if y'all could download it. 

it's called Shooter Arena and it's an online two-playâ€¦"
226,0,@LIZEYANN I love you too~^^ ğŸ¥ºğŸ‘‰ğŸ‘ˆ
227,0,RT @kimparkdaily: I just love the sound of them having fun. this is great. ğŸ¥º
228,1,fuck I love cocky characters
229,0,Donâ€™t give to much Love and care to someone mag tira ka din sa sarili mo
230,0,RT @BigTefs: this is my love language
231,0,"RT @Yibo_Thailand: 200509 | YANJING BEER Official weibo update
à¸›à¸£à¸°à¸à¸²à¸¨à¸­à¸¢à¹ˆà¸²à¸‡à¹€à¸›à¹‡à¸™à¸—à¸²à¸‡à¸à¸²à¸£à¸«à¸§à¸±à¸‡à¸­à¸µà¹‰à¸›à¹‹à¸­ Brand Spokesperson Yanjing Beer (ç‡•äº¬å•¤é…’) 

FORâ€¦"
232,0,"RT @PipixiannvGu: â¤ï¸ â¤ï¸ â¤ï¸ ğŸ¼ âš½ï¸ â¤ï¸ â¤ï¸ â¤ï¸ 
Love is to support,is to protect,is to be together no matter what happens. He is his power,his prâ€¦"
233,0,@BTS_twt AAHAHHHHHH FINALLY I LOVE YOU TWOOO AHHHHH ğŸ’œğŸ’œğŸ’œğŸ’œğŸ’œğŸ’œ
234,0,"This #MothersDay buy flowers to #express your love.
@sandeepramdasi 
#MothersDay #mothersdaygift #Flowers #gerbera https://t.co/kOjo5ydOwn"
235,0,@fearandIoathng its so cute i love it
236,0,"Good Morning, Patriots ğŸ˜ŠğŸ‡ºğŸ‡¸

Happy Saturday, to all of you fellow Patriotic Americans who love OUR COUNTRY, OUR FREEâ€¦ https://t.co/PedKLEguWc"
237,0,@Ryo_love_love00 ãœã²ãœã²ğŸ™ŒğŸ’•
238,0,å¤§ä¸ˆå¤«ã€çµ¶å¯¾ãƒãƒ”ã‚¨ãƒ³ã ã‹ã‚‰ã€‚ç§ãŒæ°—ã«ãªã£ã¦ä»•æ–¹ãªã„ã®ã¯ã‚µãƒ©ã‚¿ã‚¤ã¡ã‚ƒã‚“ã®åˆå¤œã¨ã‚¿ã‚¤ãƒ³ã¡ã‚ƒã‚“ã®å¹¼é¦´æŸ“ï¼ˆç”·ï¼‰ï¼ˆã‚¿ã‚¤ãƒ³LOVEï¼‰ãŒç™»å ´ã—ã¦ãƒ¯ãƒƒãƒˆã•ã‚“ã‚’æ€’ã‚‰ã›ã¦ã—ã¾ã„ã‚¿ã‚¤ãƒ³ã¡ã‚ƒã‚“ãŒãƒ™ãƒƒãƒ‰ã§ãŠä»•ç½®ã•ã‚Œã‚‹å›ãªã‚“ã§ã™ã‘ã©ã€œã€œã€œ
239,0,"@yuki64376566 ãŠç–²ã‚Œæ§˜ã§ã—ãŸğŸ™‡â€â™‚ï¸

æ•‘æ´ã‚ã‚ŠãŒã¨ã†ã”ã–ã„ã¾ã—ãŸğŸ™‡â€â™‚ï¸âœ¨"
240,0,"RT @i5ha__: the more i try to love, the more i feel worthless"
241,0,@Johnny__Love A mali estremi estremi rimedi ğŸ˜
242,0,RT @msa89_: Kesian my brother. Cuti tanpa gaji. Dah 2 bulan. Anak dah ramai. Hmmm. Itâ€™s my responsibility to help him. I will. I will neverâ€¦
243,0,@hayasan107 ã‚»ãƒ–ãƒã¯ã‚¸ãƒ§ãƒ³ãƒãƒ³ã€ã‚¦ã‚©ãƒŒã‚‰ã—ã„ã®ã§ã™ãŒã€ã‚¸ãƒ§ãƒ³ãƒãƒ³ã¯çš†æ§˜æ‰‹æ”¾ã•ãªã„ã®ã§ã‚¦ã‚©ãƒŒé›†ã‚ã‚’ã—ã¦ã¾ã™ğŸ˜…
244,0,@Love_WHEEIN_417 ë°”ë‚˜ë‚˜ì°¨ì°¨~~ë°”ë‚˜ë‚˜ì°¨ì°¨~~~ìƒ˜ ë³¼ë•Œë§ˆë‹¤ ì´ê±°ìƒê°ë‚˜ìš” ì§„ì§œ êº…
245,0,@BTS_twt I LOVE YOU
246,0,ã€è‡ªåˆ†è‡ªèº«ã®é­…ã›æ–¹ã€‘ é¡”ã®å·¦å´ãŒè¦‹ãˆã‚‹ã‚ˆã†ã«ä¼šè©±ã™ã‚Œã°æ°—ã«ãªã‚‹ç•°æ€§ã«é­…åŠ›ã‚’ã‚¢ãƒ”ãƒ¼ãƒ«ã§ãã‚‹ã€‚ https://t.co/rtKvIQcBjE
247,1,RT @RealDevotion: even tho da world hate us.. i love being black
248,0,@BTS_twt I LOVE YOU
249,0,@lemielhyuck @NCTsmtown_127 @NCTsmtown_DREAM @NCTsmtown @NCTZENSELCADAY_ @NCTZENselcadayy @nsdIoves I LOVE EVERYTHING ABOUT THIS
250,0,"RT @RaashiKhanna: So very glad to be revealing the #NTRbirthdayCDP 
A powerhouse of many talents, a charismatic leader and an inspiration tâ€¦"
251,0,"RT @CHANSOOperior: KYUNGSOO-YAH WE MISS YOU AND WE LOVE YOU...URI PRECIOUS PENGUIN ğŸ˜­ğŸ˜­ğŸ˜­ğŸ˜­ğŸ˜­ğŸ˜­ğŸ˜­ğŸ˜­

#DYOCON #KyungsooOnlineConcert #DYOCONì´ì§€ê¸ˆ_ì¼ì–´ë‚˜ê³ â€¦"
252,0,@BTS_twt IM SO HAPPY I LOVE YOU
253,0,RT @Nako_oO_milk: ã‚³ãƒ­ãƒŠã§å¤§å¤‰ãªæ™‚æœŸã§ã™ãŒã€æ—¥æœ¬æ©‹ã§ãƒ¡ã‚¤ãƒ‰ã•ã‚“ã—ã¦ã„ã‚‹ã®ã§æ¥ã¦ä¸‹ã•ã‚‹ã¨å¬‰ã—ã„ã§ã™â€¦ğŸ˜¢ğŸ¤
254,0,"until eternity, my love for him will never run dry because it grows as the sun rises and remains strong as the dayâ€¦ https://t.co/9nNauaYAfc"
255,0,"@m1nn1e3579 
RTã‚ã‚ŠãŒã¨ã†ã”ã–ã„ã¾ã™â—ï¸#å¡™ã•ã‚“ã®è¨€ã„é–“é•ã„ã‚·ãƒªãƒ¼ã‚º ã„ã‹ãŒã§ã—ãŸã‹ğŸ˜†â“å¡™ã•ã‚“ã‚ªã‚¹ã‚¹ãƒ¡ã® #ã”ã¯ã‚“ãƒã‚­ãƒ³ã‚¿ãƒ„ã‚¿ ã¯5/13(æ°´)ã‹ã‚‰âœ¨ã“ã¡ã‚‰ã‚¯ãƒ¼ãƒãƒ³ã§ãœã²è©¦ã—ã¦ã¿ã¦ãã ã•ã„ğŸ‘â€¦ https://t.co/fGQESdZIob"
256,0,I LOVE YOU BOTH https://t.co/AdWgyic1Xt
257,0,@sato_azk_nico @rinu__love__77 @sato___hina @Sato________m ã‚ã„ã§ã™â•â•â•â•â•ã‚ãšã•ã‚“çˆ†èª•ãŠã‚ã§ã¨ã†ã”ã–ã„ã¾ã™ ğŸ¥³ğŸ‘ŠğŸ»ğŸ‘ŠğŸ»
258,0,"when i say i love this man,,,, i really do https://t.co/wpz4j0ILQt"
259,0,@hamtaroribon ã¤ã„ã§ã«å£åºŠè§¦ã‚ŠãŸã„ã®ã‚ã£ãŸã‚‰è§¦ã‚‹ï¼Ÿ
260,0,"RT @AkhilRamNaik: #NTRBirthdayCDP 

Let's Kick Start The Biggest CDP Birthday Trend Ever...
For Only One
Our Demigod
Our Brother
Our Love
Wâ€¦"
261,0,@24k__official I LOVE U
262,0,@Bear__07280515 ã‚†ã‚‹ã¡ã¾ã¡ã‚…ğŸ¥º
263,0,"RT @DattuAbhilash: â¡ï¸His Acting 
â¡ï¸His Dilogue delivery
â¡ï¸His Dance
â¡ï¸His Love and Care Towards Fans
â¡ï¸His Maturity Level at Small Age
â¡ï¸Hiâ€¦"
264,0,RT @easierkinks: the love of my life ! https://t.co/wdVrO8Jx8a
265,0,@Asimbajwa1_2 Wellcome i love pak army
266,0,RT @TomasesGoiter: I love @matthewcarano
267,0,@yorieko @GUCClGANK @giazkia I love youuuuu caca! ğŸ’–
268,0,"@starlightion_ People who say â€œTrue loveâ€ only, I strongly disagree ğŸ˜ğŸŒš"
269,0,@papidilluh cum ah ah hnng love
270,0,@Illust_____love ã­ã‡å¼•ç”¨RTã£ã¦ãªã‚“ãªã®((æ®´
271,1,RT @Hoosiers1986: This picture scares the crap out of every dirty Democrat who has spent the last 4 years conspiring against @realDonaldTruâ€¦
272,0,I love my face especially my nose and I love that Iâ€™m a good communicator https://t.co/mBzx7VtXPL
273,0,@BTS_twt Omg i love you ğŸ’œğŸ’œğŸ’œğŸ’œ
274,0,i am a meninist. men's rights &gt; mine. men!!!!! i love men!!!! i'm his property. https://t.co/Kt2BgZGzQs
275,0,@nickkaustin i love you.
276,0,The most beautiful love story ever told #gomezandmorticia https://t.co/FumafW73b5
277,0,Love it
278,0,RT @Yooo_Jeongyeonn: Like/RT this in 2-3 secs if you love yoo jeongyeon https://t.co/nLTAL8AjYp
279,0,"@tae_chi_29 @CUBE_PTG uwu yes po, i love you all po!!! ğŸ’–"
280,0,"RT @Quinnieboiii: Me asking myself: Should I fall in love again?

Also me:"
281,0,"SÃ­ntoma Ft. Michael Mayo -  WHAT IS LOVE .
â™¦11/05/2020â™¦
.
#Newrelease #musiclover #dj #deejay #producerâ€¦ https://t.co/JsMajEEY6b"
282,0,@Bangtan_Ivie @BTS_twt Always a pleasure doing a challenge. Thanks. And now we keep streaming and keep enjoyingâ€¦ https://t.co/fV75alIU0Q
283,0,RT @donghae861015: Have a Good Friday:) love you all https://t.co/hei0K2aUkp
284,0,"@mister_CMS @cor_yfacts Three things I love: Cory, barns, and animals so https://t.co/rK45YWI7Hf"
285,0,@Kimken__love ì™œ?!?!ã…‹ã…‹ã…‹ã…‹ã…‹
286,0,@CCFC_jules Thanks. I love it. Pennywise obsessed.
287,0,"RT @rohithrohith171: #HBDVijayDeverakonda
The uniqueness in you â¤ï¸
Main reason to love you ğŸ˜˜ https://t.co/mrh71huVJm"
288,0,"RT @BTSARMY_Salon: ğŸ¹ I hope I can meet our ARMYs. I LOVE OUR ARMYS. I LOVE YOUUUUU

*Seokjin left*
ğŸ± This was hectic but fun"
289,0,"The Second Circle - Love Songs of Francesco Landini by Francesco Landini, Anonymous 4 https://t.co/Umuxj69Kgh #NowPlaying"
290,0,"girl, itâ€™s easy to love me now"
291,0,"ã‚ãƒ¼ã‚‚ã†æ¥½ã—ã„ğŸ’›
ã‚‚ã£ã‹ã„è¦‹ãŸã„ã‚ˆï¼ˆç¬‘ï¼‰

#ã¿ã‚“ãªã§NEWSä¼šã—ã¦å¹¸ã›ã«ãªã‚ã† https://t.co/ev1LvlxU4N"
292,0,"RT @Moonstruck_MGCN: 200509 

Love is you are always beside me

 #KCLLivexMewGulf

@MSuppasit @gulfkanawut 
#MewGulf 
#MewSuppasit 
#GulfKaâ€¦"
293,0,RT @igoshowgi: é­”å¥³ã¨åŠã‚„ã®å–å¼• https://t.co/XnovMc7KdX
294,0,@Reb_ey Stray Kids LEVANTER or BTS Love yourself Tear ğŸ˜ğŸ˜ğŸ˜
295,0,@BTS_twt I LOVE U UUU
296,0,@offclASTRO HI BABE I LOVE U
297,1,RT @Rowettt: 69 came out of prison and has done a fucking madness. Love him or hate him EVERYONE is speaking about him rn
298,0,@YahBoiRuhyah i love that fight
299,0,"@iroha_love_you ç§å…ˆã«ã ã‚“ã¼ã£ã¡ã»ã—ã„ãªããã€

ã§ã‚‚ã†ã¡ãƒãƒ³ã‚·ãƒ§ãƒ³ã ã—ã»ã¨ã‚“ã©ã‚¹ãƒšãƒ¼ã‚¹ãªã„ã‹ã‚‰ç½®ã‘ãªã„â€¦â€¦()"
300,0,RT @jazlovebot: oui tt les garcons was fall in love dmoi
301,0,"@ttbui3 Clean the searches! Post separately!!!!

Namjoon beautiful
Namjoon pretty
Namjoon dimples
Namjoon persona
Nâ€¦ https://t.co/W1EFO3mdr9"
302,0,"In such a good place at the moment, self love really is powerful ğŸ’ªğŸ¼â¤"
303,0,RT @honeymoonlea: hoping to be chosen for this second project ğŸ¥º thank you for this wonderful song and for involving the fans ğŸ¤ i love youâ€¦
304,0,"RT @143kimyoung_ss: Based on Psychologic study, a crush only last for a maximum of four months. If it exceeds, then you are already in loveâ€¦"
305,0,@BTS_twt yoonjiiiiin thank you for spending your saturday night with us. i laughed a lot! love you love you love you love you both so much
306,0,ã… .ã… ã…œã… ã…¡ã… ã…¡ã… ã…¡ã… ã…¡ã…œì•„ ë‚˜ë„ ì„œì›”êµ­ ë½‘ê³  ì‹¶ë‹¤ã… ã…œã… ã…œ
307,0,@GentIemanLadies Im Love you
308,0,@DrDonieBaseball Absolutely! And I love it that fans donâ€™t leave games early in #CPBL. I get so frustrated watchingâ€¦ https://t.co/vC9YinndO3
309,0,@56NMii ãã‚Œãª
310,0,"RT @sceneryfortae: @BTS_twt @conangray We will give you all our support and love ğŸ’œ Go for it Taehyung! Make the dream Collab happen!! ğŸ¥°
#Vxâ€¦"
311,0,@feistyoo Hopefully I helped ğŸ¥°ğŸ™†ğŸ»â€â™€ï¸ I love you too!! Take care and be happy !! ğŸ¥° lets be happy âœŠğŸ»
312,0,Splash Splash Love (2015) https://t.co/aImvlrH4zf
313,0,"RT @Taurus_Fri: Congratulations ğŸ‰ 
1M twitter followers 

Love you naka.

#winmetawin
#à¸™à¹‰à¸­à¸‡à¸§à¸´à¸™à¸¥à¹‰à¸²à¸™à¸Ÿà¸¥à¸§à¹à¸¥à¹‰à¸§à¸„à¹‰à¸²à¸šà¸«à¸¡à¹ˆà¸²à¸¡à¸µà¹Š https://t.co/RN0UJC1JVJ"
314,0,"@issunbo4 
ã”å›ç­”ã„ãŸã ãã‚ã‚ŠãŒã¨ã†ã”ã–ã„ã¾ã™ğŸ˜†ãœã²ãƒã‚­ãƒ³ã‚¿ãƒ„ã‚¿ã§æ—¥æœ¬ã‚’å‘³ã‚ã£ã¦ãã ã•ã„â—ï¸#ãƒã‚­ãƒ³ã‚¿ãƒ„ã‚¿ 5/13(æ°´)ã‹ã‚‰è²©å£²é–‹å§‹ğŸŠ
ã“ã¡ã‚‰ã®ã‚¯ãƒ¼ãƒãƒ³ã§ãœã²ãŠè©¦ã—ãã ã•ã„ğŸ‘â€¦ https://t.co/Pi0x4cboqK"
315,0,RT @3700_Plies: U gotta love me to understand me âš ï¸ğŸ’¯
316,0,@flornuno08 å°åƒ§ãƒƒãƒƒãƒƒãƒƒãƒƒãƒƒãƒƒãƒƒãƒƒç§ã¯å°åƒ§ãƒƒãƒƒãƒƒã‚ã‚ŠãŒã¨ã†ã™ãLOVE
317,0,RT @kurii_daisuki: Love this man
318,0,RT @hopedaram1014: êµ¬ ë£¸ë©”ì¦ˆ ë¬´ë ¤ 4ë…„ 2ê°œì›” ë§Œì— í•©ë°©í•´ https://t.co/jn4Yg6EPv8
319,0,RT @TelkomKenya: RETWEET to get a personalized profile picture from us that you can share to show mum some love on her special day! ï¸ï¸ #Telâ€¦
320,0,@BTS_twt I LOVE YOU GUYS
321,0,"RT @TheMissGhie: And she bravely told him -

""And for that I can't avoid your love, and can only tell that I feel it and know it in my hearâ€¦"
322,0,"@nakiusa31 
RTã‚ã‚ŠãŒã¨ã†ã”ã–ã„ã¾ã™â—ï¸#å¡™ã•ã‚“ã®è¨€ã„é–“é•ã„ã‚·ãƒªãƒ¼ã‚º ã„ã‹ãŒã§ã—ãŸã‹ğŸ˜†â“å¡™ã•ã‚“ã‚ªã‚¹ã‚¹ãƒ¡ã® #ã”ã¯ã‚“ãƒã‚­ãƒ³ã‚¿ãƒ„ã‚¿ ã¯5/13(æ°´)ã‹ã‚‰âœ¨ã“ã¡ã‚‰ã‚¯ãƒ¼ãƒãƒ³ã§ãœã²è©¦ã—ã¦ã¿ã¦ãã ã•ã„ğŸ‘â€¦ https://t.co/RJgQ7Nfpaq"
323,0,@BTS_twt HI HI I LOVE U
324,0,@perthppe love you na~
325,0,"ã‚„ã°ã„â€¦â€¦â€¦
ã—ã°ã‚‰ããƒ‰ã‚¯ã‚¹ãƒˆã‚¢ãƒ‹ãƒ¡æ”¾ç½®ã—ã¦ã‚‹â€¦â€¦:( ;Â´ê’³`;):"
326,0,RT @vvienaaa: Hays ang gwapo talaga. Love you pinagbigyan mo request ko @mrlnvlsqz ğŸ˜â¤ï¸ https://t.co/p1GJte46qa
327,0,"RT @BTSARMY_Salon: ğŸ± Fake love. It brings old memories. We had first stage the song at the bbma 
ğŸ¹ Now seeing the songs, we released many sâ€¦"
328,0,RT @Larryboyx: I love a friend who listens to my problem without any judgement
329,1,RT @ReadMyLipsXo: Spirit said â€œknock knock is you gone open the fuck up?â€ Will you open yourself up to all of this renewal and passion Iâ€™mâ€¦
330,0,@gravitism15 ã…ã…ˆ ì „ ê·¼ê±°ë¦¬ëŠ” ëª»í•´(?
331,0,ã¡ã‚‡ã£ã¨ãƒ†ãƒ³ã‚·ãƒ§ãƒ³ã‚ã£ã¡ã‚ƒä¸Šã’ã™ãã¦ç–²ã‚ŒãŸã€ãŠè…¹ç—›ã„w
332,0,@helloxpetal @everywhereniaII @NiallOfficial Thank you for everything you give us &amp; your gorgeous music. Your musicâ€¦ https://t.co/BLsi7iNSLj
333,0,@kuramiyu6_2 he deserves all the love!! ğŸ˜­â¤ï¸
334,0,"@SHUKO_1 
ã”å›ç­”ã„ãŸã ãã‚ã‚ŠãŒã¨ã†ã”ã–ã„ã¾ã™ğŸ˜†ãœã²ãƒã‚­ãƒ³ã‚¿ãƒ„ã‚¿ã§æ—¥æœ¬ã‚’å‘³ã‚ã£ã¦ãã ã•ã„â—ï¸#ãƒã‚­ãƒ³ã‚¿ãƒ„ã‚¿ 5/13(æ°´)ã‹ã‚‰è²©å£²é–‹å§‹ğŸŠ
ã“ã¡ã‚‰ã®ã‚¯ãƒ¼ãƒãƒ³ã§ãœã²ãŠè©¦ã—ãã ã•ã„ğŸ‘
https://t.co/8i8dYTwJpg https://t.co/35NCULheVA"
335,0,@bordertears PLS I LOVE THEM
336,0,"RT @harish2you: Proud and happy to launch this.... 
Tiger ....  am  always indebted to you for all ur support and love .....
@tarak9999 
#Nâ€¦"
337,0,@BTS_twt I LOVE YOUUUU BOTHHH
338,0,"RT @JustForJinyoung: 200509 When My Love Blooms Behind Filming with Jinyoung

For more photos on the set: https://t.co/jAC4Cd0pww

#Jinyounâ€¦"
339,0,@chosenzany what do u mean? :( have u said anything about the whole raulson situation during the live yesterday? thâ€¦ https://t.co/ySfoAWwkFE
340,0,@BTS_twt I LOVE YOU!
341,0,"RT @ArabellaGolby: Happy VE Day! ğŸ‡¬ğŸ‡§ Remembering all of those who made sacrifices in the past so we could live our lives today. 

Somethingâ€¦"
342,0,RT @theactualwhat: @PleasantKenobi I love you. Hope you know that your editing effort isnâ€™t a waste ğŸ˜‡ https://t.co/THivGR62ia
343,0,"RT @nickshaxson: Love the image, and the article is great too 
https://t.co/WaQd0gE8Cr https://t.co/5Z5DqMKKTk"
344,0,RT @coloration4life: ã„¹ã…‡ ì¡°ì‹¬í•´ì•¼í•œë‹¤... ì˜¤íƒ€ì¿ ì§ˆ í•˜ë©´ì„œ ì‹¸ì›€ ì˜í•˜ëŠ” ìºëŠ” ë§¤ë ¥ì ì¼ ìˆ˜ ìˆìœ¼ë‚˜ í˜„ì‹¤ì—ì„œ í­ë ¥ì„ íœ˜ë‘ë¥´ëŠ” ê²ƒì€ ë²”ì£„ì„ì„ ì•Œì•„ì•¼í•¨... ê°€ë” ë³¸ì¸ì´ ë¹»ì·¨ ê°€ì¡Œê³  í•˜ë“œí•œê±° ë¨¹ëŠ”ë‹¤ê³  ê·¸ê±¸ í˜„ì‹¤ì— ëŒ€ì…í•´ì„œ... ê·¸ëŸ° ë²”ì£„ê°€â€¦
345,0,"RT @defpen: Andre Harrell has died at the age of 59. 

Founder of Uptown Records, Andre was a key figure in launching the careers of Diddy,â€¦"
346,0,"Genix, Sue McLaren, Above &amp; Beyond pr. Tranquility Base, Slusnik Luna â€” Free Love EP
Trance
Anjunabeats #ANJ619BD
2â€¦ https://t.co/kdTqESB2hf"
347,0,@shinkun_136 ãƒãƒƒã‚·ãƒ¥ã«ã—ãŸã„ğŸ¥º
348,0,@CalebDNH2O @STXspeaks Yâ€™all are too cute! Love yâ€™all!
349,0,"@offclASTRO I love you so much 

#ASTROÂ Â  #ì•„ìŠ¤íŠ¸ë¡œÂ Â  #GATEWAYÂ Â  #KnockÂ Â  #ë„ì°¾ì•„ê°€"
350,0,"RT @Dung11826355: Dáº©y lÃªn, Ä‘á»©ng nhÃ¬ show nhÆ°ng Ä‘á»©ng nháº¥t trong lÃ²ng chÃºng ta. #YouthWithYou_NDRTeam 
#YouthWithYouEP18
#Non_Daily_Revelry
Lâ€¦"
351,0,@LynseyStewart17 I believe an email with the details was sent to your parent pay account. If itâ€™s not there can youâ€¦ https://t.co/JfjTnN8tS8
352,0,RT @KillerHamster_2: ç”Ÿåœ°ã¯ã©ã†ãªã£ãŸã‹ãªãƒ¼ã¨æ€ã£ã¦ã¿ã«ã„ã£ãŸã‚‰ã€ã†ã‚ã‚ã‚ã‚ã‚ã‚ã‚ https://t.co/aFrEpO67yU
353,0,shaã•ã‚“ãŒã‚“ã°ãˆww
354,0,@essyvinyls @PenguinKinglrh clear and informative. i love this person.
355,0,Mas masakit pag di ikaw yung love ng love mo
356,0,"#æ€ã„ã¤ã„ãŸãƒ•ã‚©ãƒ­ãƒ¯ãƒ¼10äººã‚’é å›ã—ã«è¨€ã£ã¦5äººã«æ°—ã¥ã‹ã‚ŒãŸã‚‰è² ã‘

å¤§å¥½ãâ™¡
ç›®ç‰ç„¼ã
åå‰ãŒãã‚‰ãã‚‰ã«ä¼¼ã¦ã‚‹
æœ€å¾Œã«ã€Œã™ã‘ã€ãŒã¤ã„ã¦ã‚‹
ã‹ã¾ã¡ã‚‡ç¬‘"
357,0,"@love___xxstm ã¯ã„ã€ã©ã†ã
â•°( ^o^)â•®-ï½¡ï½¥*ï½¥:=ÍŸÍŸÍÍğŸ£"
358,0,"RT @thet0xicgall: if u really love someone , u will never give up on them."
359,0,RT @KingJames: Senior Class of 2020 I just want yâ€™all to know that the graduation show weâ€™re putting together for you  @SpringHillEnt @Gradâ€¦
360,0,"RT @SocialS202911: I love the GP said ""Taehyung was frighteningly handome (ë¬´ì„œìš¸ë§Œí¼ ì˜ìƒê²¼ì–´)""  ğŸ˜‚ğŸ˜‚"
361,0,è‡ªåˆ†ã®å–‹ã‚Šæ–¹ã«é–¢è¥¿å¼ã£ã¦ã§ã¦ã‚‹ã®ã‹ãª
362,0,"@siyeok pamungkas - kenangan manis 
keshi - alright
marcell - peri cinta
yovie nuno - sempat memiliki
gracie abramsâ€¦ https://t.co/BiuBU33EB0"
363,0,"any deeper meanings. Idk, maybe it's a regional thing or just a personal quirk - or, ok, maybe I am just shallow -â€¦ https://t.co/QBYRLZlO7I"
364,0,RT @conjurecoke: I love being high and fed. dicked down too? holy trinity.
365,0,@sektebaron OMG SENPIE I LOVE YOUR WORKS BOTH GL AND BL AKSBZHjajhSKHDGSBANAğŸ˜­ğŸ’œâœ¨
366,0,@hobistanm Stay safe too my love â£â£
367,0,@ShameelahP alam mo ba palagi ko inaalala kung pano tayo naging masaya sa panahong pareho tayong nasasaktan. thankâ€¦ https://t.co/p6zuGPOLEW
368,0,RT @wanwannxx: à¹‚à¸­à¹‰à¹‚à¸« à¹‚à¸«à¸«à¸«à¸«à¸«à¸«à¸«à¸« à¸­à¸«à¸«à¸«à¸«à¸à¸«à¸«à¸«à¸«à¸« love you better à¹à¸šà¸šà¸ªà¸”à¹† à¸­à¸¡à¸à¸à¸Ÿà¸ªà¸Ÿà¸§à¸Ÿà¸§à¸Ÿà¸§à¹„à¸§à¸§à¸«à¸¢à¸à¸¢à¸ https://t.co/m8s80e3dKc
369,0,RT @Mew_CG: à¹€à¸§à¸¥à¸²à¹€à¸£à¸²à¹‚à¸¡à¹‚à¸«à¸à¹‡à¹„à¸¡à¹ˆà¸•à¹‰à¸­à¸‡à¹„à¸›à¸•à¸­à¸šà¹‚à¸•à¹‰ à¹ƒà¸«à¹‰à¹ƒà¸Šà¹‰à¸¥à¸¡à¸›à¸£à¸²à¸“ https://t.co/AIaYHuLPic
370,0,Love it https://t.co/9imncxC52s
371,0,@BTS_twt I LOVE YOU GUYS
372,0,"RT @mwkana_: Q: If not shipped couple and not brother that you love a lot what would Gulf be to you?

mewgulf:
#KCLLivexMewgulf https://t.câ€¦"
373,0,staysafe din hihiğŸ˜Š love you so much sin!ğŸ˜š https://t.co/qK45anQNiP
374,0,"RT @FinaOstia: ""Estoy in Love con el 2020"". https://t.co/bsF7PAZfo3"
375,0,"RT @Tarak_Girl: Ye Celebrity Aina Sare Ela DP pedathara Na Baby Pettadu ğŸ˜˜ğŸ˜˜ğŸ¤©ğŸ¤©
Love you @VishwakSenActor â¤ï¸

#NTRBirthdayCDP https://t.co/e88â€¦"
376,0,@BTS_twt Jiminshi you look great!! Love you....
377,0,"RT @love_Yui0623: â™”.ï¾Ÿã ã„ã‚ˆã’ã‚“/ï¼¶ï½…ï½’ï¼ãªãªã‚‚ã‚Šï½¡â™”.ï¾Ÿ
ãƒ»
ãƒ»
ãƒ»
ã“ã‚ã‚“ãã‚“ã¨ã¯é•ã£ãŸçˆ½ã‚„ã‹ã•ã§ã€ã¨ã£ã¦ã‚‚ç´ æ•µã§ã™âœ¨
ã‚‚ã†ã‹ã£ã“ã‚ˆã™ãã¦ç”Ÿãã¦è¡Œã‘ã¾ã›ã‚“()

ã“ã¡ã‚‰ã‹ã‚‰â¤µï¸ ï¸
â¸œâ¤ï¸â¸â€https://t.co/Hsth7xkCMIâ¸œâ¤ï¸â¸â€â€¦"
378,0,"RT @brightwinpics: Happy 1M followers here on twitter my bunny, @winmetawin! You deserve all the success and happiness. Love lots. ğŸ’š #à¸™à¹‰à¸­à¸‡â€¦"
379,0,RT @SVTmp4: ëª‡ ëª…ë§Œ ë‚˜ì™€ë‹¬ë¼ê³  ìš”ì²­í–ˆëŠ”ë° ë‹¤ ë‚˜ì˜¨ ì„¸ë¸í‹´ https://t.co/kEcPOIJ8Dg
380,0,@BTS_twt YES THANK YOU I LOVE YOU
381,0,@ABSCBNNews And I'm watching too... i LOVE abs cbn.
382,0,"RT @akutagawayo: AM I TOO LATE FOR THIS TREND ANITWT

Hinata and Kageyama doing the ""Love Story"" thing!!! ğŸ¤£ #haikyuu https://t.co/V7G6X73vHb"
383,0,"RT @GOT7_JYP: [PIC] When My Love Blooms Behind 

https://t.co/oylrof6ZE9

#GOT7 #Jinyoung #ê°“ì„¸ë¸ #ì§„ì˜ 
@GOT7Official 
#í™”ì–‘ì—°í™” https://t.co/pOlT9â€¦"
384,0,RT @victoriageorge_: @Eurovisionario Gracias! â™¥ï¸ğŸ‡ªğŸ‡¸ Love you all!
385,1,"I hate everything about you
Why do I love you?
I hate everything about you
Why do I love you?

threeï¼Šdaysï¼Šgrace/Iï¼Šhâ€¦ https://t.co/cOmM6u1gg7"
386,0,"RT @NBK_Unofficial_: Great opportunity to express my love to all the fans who shared selfless love to TARAK and made him huge.
@tarak9999â€¦"
387,0,Is so true that love makes us become stupid
388,0,"RT @tundjungood: @radenrauf Mau setor lagu aja om, lagunya cocok buat kalian yg gagal dalam dunia per love storyan :(  #LoveStory 
https://â€¦"
389,0,RT @Daily_JKUpdate: @BTS_twt Receiving the best news today after being attacked by your newest boxing video.  Iâ€™m so proud of you our songâ€¦
390,0,"RT @avekklasse: found my love here, now I got you where I want youğŸ”’ https://t.co/mKSfkqEBfn"
391,0,"oomfies i am BACK from being a depressed thot and i want to give u a very important message!!!
I LOVE JUNG TAEKWOON"
392,0,"Sweet Colorful Love ğŸ’•
â€¢
Join us as we #Throwback to one of our most beautiful unions that made us fall in love allâ€¦ https://t.co/BOtrNjgVQx"
393,0,"RT @lunaestrellados: Summary of the words yong learnt for the china video vall fansign 

""Take care of yourself, I want to go china, I willâ€¦"
394,0,Happy Saturday! Sunshine in Charlotte. â˜€ï¸. Really hoping I can rally from my sickness yesterday for a walk with theâ€¦ https://t.co/LIjLWto8jO
395,0,RT @kailove__88: ì—¥ ë‹¤ë“¤ ì´ì‚¬ì§„ ì–´ë–»ê²Œ ê°€ì§€ê³  ê³„ì„¸ìš”? ì¢…ì¸ì´ê°€ ì €í•œí…Œë§Œ ë³´ë‚´ì¤¬ëŠ”ë° #ì¹´ì´ë²„ë¸” https://t.co/q8XX3jCcML
396,0,"RT @HarshaChundru: Hope you all love this love for @tarak9999 from our team, @WallsAndTrends. #NTRBirthdayCDP https://t.co/yp2elBeROg"
397,0,@chrissyteigen Screw her! Keep doing what you love... see ya AlisonğŸ‘‹
398,0,RT @RaashiKhanna: Happy birthday Rowdy!! @TheDeverakonda ğŸ¤—ğŸ¤— May you be blessed with the happiness that you bring to so many lives.. May youâ€¦
399,0,ç‰‡ç›®ãšã¤å¤§ãã•å¤‰ãˆã¦å¨åš‡ã—ã¦ã‚‹æ„Ÿã˜å‡ºãã†ã¨æ€ã£ãŸã®ã«å¤§ã—ã¦å¤‰ã‚ã£ã¦ã„ãªã„ç§ã®çœ¼çƒâ€¦(ã€._. )ã€ https://t.co/BChDvFm9zj
400,0,@Vicky_McClure @martin_compston Happy birthday Vicky love the line of duty
401,0,RT @josstheboss_: I really love how white people have stolen land and human capital from POC worldwide just to turn around and use theft asâ€¦
402,0,RT @jstczk: galingggg love u bub ğŸ¥ºğŸ–¤
403,0,@MrCulebra @RaJHeP Youâ€™ve gotta love Tits https://t.co/gdmkTwRJmt
404,0,@tsui_nui_love íã… ã… ã…  ì¸ ì´ë‹˜ë„¤ ì• ê¸°ë“¤ì´ ì‚¬ë³µì…ì€ ê²ƒë„ ê¶ê¸ˆí•´ìš”&gt;&lt;!! ë§ˆì˜¤ê°€ ì…ì€ ë ˆë“œ ì²´í¬ ë°”ì§€ ë˜ê²Œ ì˜ ì–´ìš¸ë ¸ë˜ ê²ƒ ê°™ì€ë°ğŸ‘€ğŸ’•!!
405,0,"RT @aiynulwh: WOIIII DONâ€™T EVER LEAVE YOUR GIRL ON SEEN ğŸ˜¡ğŸ˜¡ğŸ˜¡ğŸ˜¡ğŸ˜¡ğŸ˜¡LOVE HER , BE THERE FOR HER , GIVE HER ATTENTION , TELL HER SHEâ€™S BEAUTIFUL ,â€¦"
406,0,"ğ“ğ‡ğ„ğğ‘ğ˜ ğ‚ğğğ“ğ„ğ—ğ“

teoride ilerleyecek hikayeyi anlamak iÃ§in mÃ¼zik videolarÄ±nÄ± izleyin:
ONF/OFF:â€¦ https://t.co/Z2YGRVluXR"
407,0,@stlouisjohn51 Than you John. Love you Brother. Blessings-BB
408,0,"RT @PDMouthpiece: Hack their mouths if you canğŸ™„ğŸ¤£

The more u hate, the more we love ğŸ¤£
As long as we r Rangers, we'l keep bursting ur bubbleâ€¦"
409,0,"RT @chinnypanda_: love of his lifeeeee @kyle_echarri @francinecarreld 

KYLE CSTVSongForMama https://t.co/RHAAgPMhBF"
410,0,RT @dykechrollo: THE FISH???? IS DRIVING THE CART?????? i love science https://t.co/k4jt7cRWky
411,0,@scftbeigess i love you more &gt;:((
412,0,"RT @Bubble_minakie: Guys, #LetsVybe
Is it possible to fall in love with someone you havenâ€™t seen before but you talk to everyday?"
413,0,"RT @_slimarella_: you eat pork, have tattoos, drink alcohol, curse, have sex before marriage, disrespect your parents, praise celebrities lâ€¦"
414,0,@inori_tamu_love ã‚ï¼Ÿ
415,0,"RT @u4eakooks_net: ğŸ¹our armys, i love you. i hope that the time we can see each other would come soon, our armys i love you!!"
416,0,"RT @UNDP: Happy #WorldMigratoryBirdDay! Inspire a love #ForNature today.
Share your favorite #birdwatching photo or GIF to celebrate #migraâ€¦"
417,0,"ë¬´í•œRT)ì•ˆë…•í•˜ì„¸ìš”!ë¡±ìš”ë‹˜ë™ë§¹ì…ë‹ˆë‹¤.ë¡±ìš”ë‹˜((( LongYoXD )))ê»˜ì„œëŠ” í™ˆì—ì„œ,íŠ¸ìœ„í„°ì—ì„œ ê°ì¢… ìë£Œ,ì‚¬ì§„ë“±ì„ ì œê³µí•´ì£¼ì‹œê³  ì—„ì²­ ëŒ€ë‹¤ë‚˜ì‹ ë¶„ì…ë‹ˆë‹¤ã… ã… ë¡±ìš”ë‹˜ íŒ”ë¡œë§ì´ í•´ì£¼ì‹œê³ !(ëŒ€ì‹  ì–¸íŒ”ì €ë¦¬ê°“)ì €ë„ íŒ”ë¡œ í•´ì£¼ì‹œë©´ ë§íŒ”í•´ë“œë¦¬ë‹ˆ ì˜ë¶€íƒë“œë¦½ë‹ˆë‹¤^^"
418,0,"RT @animescoops: â€œNo matter what I will love you always, goodbye Sasukeâ€ https://t.co/6toX2LEFKk"
419,0,RT @BJNYz: à¸ˆà¸­à¸™à¹€à¸„à¸¢à¹€à¸›à¸´à¸”à¹€à¸à¸¥à¸‡ Love on the weekend à¸Ÿà¸±à¸‡à¸šà¸™à¸£à¸–à¸”à¹‰à¸§à¸¢ à¸­à¸¢à¹ˆà¸²à¸‡à¸«à¸¥à¹ˆà¸­à¹à¸¥à¸°à¸™à¹ˆà¸²à¸£à¸±à¸à¹€à¸¥à¸¢ à¸­à¸¢à¸²à¸à¸‚à¸±à¸šà¸£à¸–à¹€à¸¥à¹ˆà¸™à¹à¸¥à¹‰à¸§à¸™à¸±à¹ˆà¸‡à¸Ÿà¸±à¸‡à¹€à¸à¸¥à¸‡à¸šà¸™à¸£à¸–à¸”à¹‰à¸§à¸¢à¸à¸±à¸™à¸à¸±à¸šà¹€à¸˜à¸­ T___________Tâ€¦
420,0,"RT @peachahgase: ğŸŒ¸ [í™”ì–‘ì—°í™” GIVEAWAY] ğŸŒ¸

Watch When My Love Blooms and win a GOT7 DYE album!

Streaming Link: https://t.co/3oXNiGcVNg

Commentâ€¦"
421,0,"RT @conangray: i love you :,))) @BTS_twt"
422,0,@BTS_twt I LOVE YOU GUSYSS
423,0,annnddd got no game audio greatttt i love today already
424,0,@BTS_twt I LOVE Yâ€™ALL
425,0,Mewgulf endorse beaker and bitter cafe and the owners are gay couple. So much love for this photo ğŸ˜­ğŸ’– https://t.co/wShrVjmul9
426,0,@LindaYareth I love you !!!! ğŸ˜˜
427,0,ì»¤ë®¤ 8ë²ˆë›´ê²ƒì¤‘ì— ë¯¸ì„±ë…„ìºê°€ í•˜ë‚˜ë„ì—†ë‹¤... ë‚˜ì´ë§ì€ìºëŠ” 45 48 55ì¸ë° ì°ì¤‘ë…„ëŸ¬ë²„ì˜¤ë„ˆë‹˜ë“¤ ë§Œë‚˜ëµ™ê³¤ 45ë„ ì¤‘ë…„ì´ë¼ë¶€ë¥´ê¸° ì• ë§¤í•˜ê³ ì–´ì¤‘ê°„í•˜ë‹¤ìƒê°í•˜ì—¬ ì¤‘ë…„ìºë„êµ´ë ¤ìš”ë¼ê³  ë§í•˜ì§€ëª»í•¨ë©” ìŠ¬í¼í•˜ëŠ”
428,0,ğŸ˜­ğŸ˜­ğŸ˜­ I love her even more! â¤ï¸â¤ï¸â¤ï¸ https://t.co/06SZQDTvls
429,0,"RT @LouisTyrer18: I love this video, itâ€™s aba half an hour after the final whistle vs Barca as well. Thereâ€™s not even any players or staffâ€¦"
430,0,RT @CoupleWishes: Stay loyal to the people you love. Loyalty is everything.
431,0,"@HITOo81o 
ã”å›ç­”ã„ãŸã ãã‚ã‚ŠãŒã¨ã†ã”ã–ã„ã¾ã™ğŸ˜†ãœã²ãƒã‚­ãƒ³ã‚¿ãƒ„ã‚¿ã§æ—¥æœ¬ã‚’å‘³ã‚ã£ã¦ãã ã•ã„â—ï¸#ãƒã‚­ãƒ³ã‚¿ãƒ„ã‚¿ 5/13(æ°´)ã‹ã‚‰è²©å£²é–‹å§‹ğŸŠ
ã“ã¡ã‚‰ã®ã‚¯ãƒ¼ãƒãƒ³ã§ãœã²ãŠè©¦ã—ãã ã•ã„ğŸ‘â€¦ https://t.co/8OcVShYvmc"
432,0,"RT @callmedollar: If you love late 80s and early 90s R&amp;B and Hip-Hop, then you have Andre Harrell to thank. https://t.co/fcO8170doT"
433,0,RT @sofftpunk: our first sofftpunk animal crossing designs!! id love if you guys used this and showed me â¤ï¸ https://t.co/ED9FrXB2v4
434,0,"RT @_jimintoday_: BTS &lt;-&gt; Conan Gray ë§íŒ”! ğŸ¤­ğŸ’œ
@BTS_twt @conangray https://t.co/DSiZOzJxOF"
435,0,"I love animals so much. But, if i have too choose, i pick Cheetah. Cheetah is fast! Rawr!"
436,0,@BTS_twt I LOVE U  https://t.co/8dw5xRolJB
437,0,@BTS_twt HELLO I LOVE YOU
438,0,RT @conangray: i would love to &lt;3 i adore yâ€™all !!
439,0,RT @Chinnyb_: Never seen a girl in love who doesnâ€™t spend on the man. Never
440,0,I love seokjinnie
441,0,@BTS_twt love u
442,0,"@JacksonWang852 LOVE YOU, STAY HEALTHY PLZ"
443,0,yâ€™all still want that jada n will love ? ğŸ˜‚
444,0,@WishMage https://t.co/H87092esS5
445,0,"@offclASTRO oppa, say 'i love you' pleaseee"
446,0,RT @SGaWD01: Yes whore I did ğŸ˜­ğŸ˜­ . Love you see as you Dey motivate me . Yâ€™all go and check out my girls ab challenge  on IG to get right liâ€¦
447,0,"ã€ ã ã„ã‚ˆã’ã‚“ / ãªãªã‚‚ã‚Šã€‚ã€

åŒ…ã¿è¾¼ã¾ã‚Œã‚‹ã‚ˆã†ãªã‚ã£ãŸã‹ã„å„ªã—ã•ã¨æµ·é¢¨ã®ã‚ˆã†ãªçˆ½ã‚„ã‹ã•ã®ã‚ã‚‹ãªãªã‚‚ã‚Šã•ã‚“ã®é­…åŠ›ãŒæ•£ã‚Šã°ã‚ã‚‰ã‚ŒãŸå®çŸ³ç®±ã¿ãŸã„ãªæ­Œã£ã¦ã¿ãŸã§ã™(â— ËƒÌ¶ÍˆÌ€ãƒ­Ë‚Ì¶ÍˆÌ)à©­ê ¥â¾â¾
ã¨ã£ã¦ã‚‚ã¨ã£ã¦ã‚‚ç´ æ•µãªã®ã§ãœã²âœ¨â€¦ https://t.co/RdggSHHkF6"
448,0,@lycrapitstop @bottomlew Love the shorts ğŸ˜‰ where from? ğŸ˜ğŸ’
449,0,@Fuck_love_x ã‚ã£ã¡ã‚ƒæ¥½ã—ãã†ã‚„ã‚“
450,0,"Weâ€™ve got some great suppliers on board already and more in the pipe line sorting bits out to get involved, we woulâ€¦ https://t.co/oIUQtXEJHf"
451,0,@love_r_kkk ã‚ã£ï¼ãã†ã ï¼ç€¬æˆ¸é¢¨ç´€å§”å“¡æ‰€å±ã—ã¦ã‚‹ã‹ã‚‰æœã¨å¸°ã‚Šã¯æ ¡é–€ã®ã¨ã“ã§æŒ¨æ‹¶é‹å‹•ã—ã¦ã¾ã™ï¼ãã“ã§æ´‹ãã‚“ã«ãŠè“å­ã®å‚¬ä¿ƒã‚’ã•ã‚Œã‚‹ã‚“ã§ã™ã­ï¼ï¼Ÿç”¨æ„ã—ã¨ã“ã†w
452,0,RT @JuiceJuice_uf: ã€Blogæ›´æ–°ã€‘ å¯æ„›ã„ãŒã„ã£ã±ã„ã€‚ç¨²å ´æ„›é¦™: ã“ã‚“ã°ã‚“ã¯ï¼æ—©é€Ÿã§ã™ãŒä»Šæ—¥ã®å†™çœŸã¯ğŸ“¸5æœˆ7æ—¥ï¼ˆæœ¨ï¼‰ã«æ”¾é€ã«ãªã‚Šã¾ã—ãŸğŸ“ºï¼ƒãƒãƒ­ãƒ—ãƒ­ãƒ€ãƒ³ã‚¹å­¦åœ’ã®å¤§ããªå¬‰ã—ã„ã§ãã”ã¨ï¼ï¼ã¯ã„ã£ï¼ï¼LOVEã®é½Šè—¤ãªãã•â€¦ https://t.co/MNoXF0KWâ€¦
453,0,daily i love you tweet @lsaerom_9 https://t.co/BcpqeaZ4ZU
454,0,"RT @asuhanmalam: Self reminder:
Gak usah ngebandingin dirimu dengan orang lain.
Gak usah iri dengan apa yang orang lain capai.

Karena ituâ€¦"
455,0,@stethandswag Aray nahi This ones only one of my favourite moment from his career. He made me fall in love with criâ€¦ https://t.co/XavgFPI3EG
456,0,@LEADTHEFIIGHT ahdjfkgkd yes we need to talk more oml and i love the emoji you chose!!
457,0,Day 7: I love her and miss her!!!!!!!!!! https://t.co/QpiD96wDse
458,0,RT @dodiidyo: à¸—à¹ˆà¸²à¸™à¸µà¹‰love shotà¹„à¸«à¸¡à¸­à¸° à¸–à¹‰à¸²à¹€à¸•à¹‰à¸™Love shotà¹ƒà¸™à¸£à¸²à¸¢à¸à¸²à¸£à¸à¹‡à¸„à¸·à¸­ à¸™à¸±à¸šà¹€à¸›à¸Œà¸™à¹‚à¸¡à¹€à¸¡à¹‰à¸™à¸®à¸¸à¸™à¸®à¸²à¸™à¸™à¸° https://t.co/cvvCS9oPI9
459,0,RT @SheriBettine: Trees are lovely. What's not to love about trees? And they absorb 10 pounds of air pollutants every year!!! Let's all celâ€¦
460,0,RT @agbdrilling: I love Britain ğŸ‡¬ğŸ‡§ğŸ˜‚
461,0,I love these Irish People Try videos! https://t.co/DxLzVAcc6L
462,0,"Pardon?

#clapforourpets #clapforsydney #catlife #cat #cats #catsofinstagram #catsoftwitter #allgoodthingsvlogâ€¦ https://t.co/0WMwkrauSu"
463,0,"RT @UshimusumeAtia: Welcome to the Coddly Cow - 1.0! ğŸ„ğŸ‘
I finally could add the things I wanted to in the first place this week, so this feâ€¦"
464,0,RT @vantends: taehyung and his love for puppies: a thread https://t.co/yOfZQp3F2s
465,0,@TSSLUFC @RyanTurner1995 @SherriffAlex @DavidMcGookin One more reason psychiatrists love Leeds fans.
466,0,@BTS_twt I LOVE YOU
467,1,RT @hrenee80: People were told to hate Donald Trump. They donâ€™t know why they hate him. They have no reason to hate him. They just know thaâ€¦
468,0,"@offclASTRO #ASTROÂ  #ì•„ìŠ¤íŠ¸ë¡œÂ  #GATEWAYÂ  #KnockÂ  #ë„ì°¾ì•„ê°€
ë¬¸ë¹ˆë„·!!!!ë¬¸ë¹ˆë¬¸ë¹ˆë¬¸ë¹ˆë¬¸ë¹ˆ!!!!!"
469,0,RT @jhennie___: I just need a boyfriend on twitter thatâ€™ll love me and take care of my needs without asking for sex. Is that too much to asâ€¦
470,0,"@SHUKO_1 
RTã‚ã‚ŠãŒã¨ã†ã”ã–ã„ã¾ã™â—ï¸#å¡™ã•ã‚“ã®è¨€ã„é–“é•ã„ã‚·ãƒªãƒ¼ã‚º ã„ã‹ãŒã§ã—ãŸã‹ğŸ˜†â“å¡™ã•ã‚“ã‚ªã‚¹ã‚¹ãƒ¡ã® #ã”ã¯ã‚“ãƒã‚­ãƒ³ã‚¿ãƒ„ã‚¿ ã¯5/13(æ°´)ã‹ã‚‰âœ¨ã“ã¡ã‚‰ã‚¯ãƒ¼ãƒãƒ³ã§ãœã²è©¦ã—ã¦ã¿ã¦ãã ã•ã„ğŸ‘â€¦ https://t.co/g6xvPLtU0x"
471,0,"RT @ava_gandner: I'm so proud that I stan Josh and SB19 they never failed to inspire me and give me happiness!! :))
Thanks to you guys!! Iâ€¦"
472,0,@kento_72815_ ã‚‚ã—è‰¯ã‘ã‚Œã°DMã§ãŠè©±ã—ã¾ã›ã‚“ã‹â€¦ï¼Ÿ
473,0,@miu_hicyan_love çµ¡ã‚“ã§ã‚‹ã­ã‡
474,0,RT @jendeukiebabo: i love these four girls â™¥ï¸ @ygofficialblink https://t.co/DUIPD7FLu2
475,1,"RT @eycnow_hr: I used to be a strict teacher; scary impression, easily angered name it! and I teach MathğŸ¤¦ğŸ»

Those were the days, til I metâ€¦"
476,0,@misaki_Rin_love ã¯ã„ï¼Ÿ
477,1,"RT @vampireontitus: @TomiLahren Caging. ğŸ˜‚ğŸ˜‚ğŸ˜‚

I spent months in the desert for my country in combat and you canâ€™t even sit on the couch andâ€¦"
478,0,RT @jackiehluo: i read this interview with alison roman after seeing many glowing tweets about how sheâ€™s so real in it and it makes them loâ€¦
479,0,ğŸ˜‚ğŸ˜‚ğŸ˜‚ğŸ˜‚ğŸ˜‚love him https://t.co/rWZ1gMHxrL
480,0,RT @miffythegamer: And yet I bet all of them claim to be law abiding family-oriented people who love their children &amp; their childrenâ€™s granâ€¦
481,0,"@vegoutwithj Ooh the places I would go !ğŸ—º âœˆï¸! 

I love Lebanese and Turkish food but Iâ€™m not really experienced inâ€¦ https://t.co/2o9wfDDPzd"
482,0,"RT @Westside__god: Birthday boy ğŸ
Show some love even if I still wouldnâ€™t get presents â¤ï¸ https://t.co/rTDo6WJh9h"
483,0,RT @astralmarta: HAHAHAHA i love watching people pretend like they know what they're talking about and sound smart but u know it's all bullâ€¦
484,0,RT @SUH0BOY: à¸‚à¸²à¸¢à¸•à¹ˆà¸­ à¸à¸µà¹ˆà¸ˆà¸¸à¸™à¸¡à¸µà¹‚à¸‹à¹‚à¸¥à¹ˆà¹„à¸›à¹€à¸¡à¸·à¹ˆà¸­à¹€à¸”à¸·à¸­à¸™à¸—à¸µà¹ˆà¹à¸¥à¹‰à¸§à¸™à¸°à¸„à¸° à¸­à¸±à¸¥à¸šà¸±à¹‰à¸¡à¸Šà¸·à¹ˆà¸­ self portrait à¹€à¸à¸¥à¸‡à¹„à¸•à¹€à¸•à¸´à¹‰à¸¥à¸„à¸·à¸­à¹€à¸à¸¥à¸‡ lest's love à¸„à¹ˆà¸° à¹€à¸à¸£à¸²à¸°à¸¡à¸²à¸ à¹ƒà¸„à¸£à¸Šà¸­à¸šà¹à¸™à¸§à¸£à¹‡à¸­â€¦
485,0,RT @IovingfeeIs: I just want my future kids to be like â€œwow mommy &amp; daddy are really in loveâ€
486,0,love this shit https://t.co/c9QNXQ5EG1
487,0,@7lnJIVqIUlV3qhm è¬ã®ãƒ¼
488,0,RT @vminggukx: JIN SAID JUNGKOOK FOUGHT WITH THE DOG WHEN THEY WERE ON THE STRAWBERRY FARM AND HIS LIKE â€œWO WO WO WOâ€ LMAO DOGS LOVE HIM htâ€¦
489,0,"@asami_ted 
ã”å›ç­”ã„ãŸã ãã‚ã‚ŠãŒã¨ã†ã”ã–ã„ã¾ã™ğŸ˜†ãœã²ãƒã‚­ãƒ³ã‚¿ãƒ„ã‚¿ã§æ—¥æœ¬ã‚’å‘³ã‚ã£ã¦ãã ã•ã„â—ï¸#ãƒã‚­ãƒ³ã‚¿ãƒ„ã‚¿ 5/13(æ°´)ã‹ã‚‰è²©å£²é–‹å§‹ğŸŠ
ã“ã¡ã‚‰ã®ã‚¯ãƒ¼ãƒãƒ³ã§ãœã²ãŠè©¦ã—ãã ã•ã„ğŸ‘â€¦ https://t.co/W0e9eGwo0j"
490,0,@love_nkun ã†ã½ã¤ã§ã™ï¼
491,0,RT @vivivictoriia: à¸«à¸¡à¸²à¸•à¸²à¸¢à¹€à¸›à¹‡à¸™à¸‚à¹ˆà¸²à¸§à¸«à¸²à¸ªà¸²à¹€à¸«à¸•à¸¸à¸à¸±à¸™à¹ƒà¸«à¸à¹ˆà¹‚à¸• à¸•à¸±à¸”à¸ à¸²à¸à¹„à¸›à¸‚à¹ˆà¸²à¸§à¸—à¸«à¸²à¸£à¸•à¸²à¸¢à¸›à¸£à¸´à¸¨à¸™à¸²à¹ƒà¸™à¸„à¹ˆà¸²à¸¢ à¸à¸²à¸•à¸´à¸‚à¸­à¸„à¸§à¸²à¸¡à¸¢à¸¸à¸•à¸´à¸˜à¸£à¸£à¸¡ à¸—à¸¸à¸à¸§à¸±à¸™à¸™à¸µà¹‰à¸¢à¸±à¸‡à¹„à¸¡à¹ˆà¸£à¸¹à¹‰à¹€à¸¥à¸¢à¸§à¹ˆà¸²à¹‚à¸”à¸™à¸­à¸°à¹„à¸£à¸•à¸²à¸¢ à¸¡à¸±â€¦
492,0,"RT @koto_nico_85: --ã™ã¨ã·ã‚Šã™ãºã—ã‚ƒã‚‹ã†ãƒãƒ¼ãï¼--

ãŠç–²ã‚Œæ§˜ã§ã—ãŸ!!æ¥½ã—ã‹ã£ãŸ1é€±é–“ã¯ã¨ã¦ã‚‚ã‚ã£ã¨ã„ã†é–“ã§ã—ãŸğŸ˜¢ãã‚Œãã‚Œã®æ­Œã£ã¦ã¿ãŸ ã«æœ¬å®¶æ§˜ã¨ã¯ã¾ãŸé•ã†è‰¯ã•ãŒã‚ã£ã¦ã‚ˆã‹ã£ãŸã§ã™ğ“‚ƒ ğ“ˆ’ğ“¸

#ã™ã¨ã·ã‚Š #ã™ã¨ã·ã‚Šã™ãºã—ã‚ƒã‚‹ã†ãƒãƒ¼ã 
#ã“ã‚ã‚“ãã‚“ #ã‚‹â€¦"
493,0,Ralf GUM - All this love for you. â¤ï¸ğŸ¥º
494,0,"@btschartdata @BTS_twt Pizza armys finally learned to stream and have longevity, love that for us"
495,0,RT @itschillwords: I love those random memories that make you smile no matter what is going on in your life.
496,0,@BTS_twt I love strawberries
497,0,RT @genevaaa_: Yo shawn mendes just be speaking to me i absolutely love his voice
498,0,@finding_meru was 13:13 for me.. i send love to the earth every 13:13 without fail..
499,0,I love the way they named these. @SkyeCabbit https://t.co/LV3YUNEsbf
500,0,"RT @Georgie177x: Am proper crying here, Leon and June reunited finally. Never settle for anything less than the love these two had for eachâ€¦"
501,0,"RT @MBOKSR_MAGA: Not buying the #CoronavirusHype. Sure its real but I am not giving up America:
ğŸ‡ºğŸ‡¸I shake hands
ğŸ‡ºğŸ‡¸I hug
ğŸ‡ºğŸ‡¸I flip the ğŸ–•to aâ€¦"
502,0,@Sr_CoachSwenson @ReedyGBBall @reedyvolleyball @DanielVargasRHS @sra_pina @alenord @AlemanSingh @LaFiertedeReedyâ€¦ https://t.co/6ilyotF95v
503,0,RT @snowflurries22: OP shared him that When My Love Blooms received good reaction from viewers and Jinyoung shyly answered â€œIâ€™m gladâ€ =^^=â€¦
504,0,"@BTS_twt Namjoon, thank u and i love you ğŸ’• @BTS_twt"
505,0,"RT @_jimintoday_: ìœ¤ê¸° ê°€ìœ„ë°”ìœ„ë³´ í•˜ë©´ ëŠ˜ ê°€ìœ„ë‚´ëŠ”ê±° ì•Œê³ ìˆëŠ” ì„ì§„ì´ ã…œã…œêµ¬ë£¸ë©”ì¦ˆ ã…œã…œã…œ
ğŸ¹ì €í¬ê°€ ì‹­ë…„ì„ í•¨ê»˜í–ˆëŠ”ë°"
506,0,RT @1hakz_: Itâ€™s sad seeing the true intentions of someone you had a lot of love for.
507,0,"RT @hyuneEris: I stan EXO not because of their yt views, visuals or they are the popular group. I stan them because of the love they give tâ€¦"
508,0,"RT @WLOS_13: The end of an era... We love you, Darcel! #avlnews https://t.co/2m5fEHlk90 https://t.co/ObkVVuHIr2"
509,0,"@rinu_dayo ç¾å‘³ã—ã„ã§ã™ã‚ˆã­âœ¨
ã¡ãƒ¼ãšã¯ã‚“ã°ãƒ¼ãï¼ï¼(*Â´Ï‰`*)"
510,0,@C4Gogglebox @TheMalonesGB Love it!! ğŸ˜‚ğŸ˜‚ğŸ˜‚
511,0,ã€Œã€ã‚°ãƒ«ãƒ¡ã€‘æ¿ãƒãƒ§ã‚³ã‚¢ã‚¤ã‚¹LOVEï¼ãŠèŠ±ã‚’æ„›ã§ãªãŒã‚‰â€¦ã€è¨˜äº‹æ›´æ–°ï¼ï½œãƒ¬ã‚·ãƒ”ãƒ–ãƒ­ã‚° https://t.co/S2h5JQRz2j #recipeblog
512,0,@the_thingX ã‚ã‚ŠãŒã¨ã†ã”ã–ã„ã¾ã™_(:3 ã€âˆ )_
513,0,"RT @MelodiePariseau: Happy #weekend &amp; yes, this is happening right now. Snow in #May â„ï¸â›„ï¸. I love it âœŒğŸ¼ğŸ˜ŒğŸ’•â„ï¸ #snow #Spring #naturelovers #beâ€¦"
514,0,"RT @Jeed_Read: à¹‚à¸Šà¸§à¹Œà¸œà¸¥à¸‡à¸²à¸™à¸„à¸§à¸²à¸¡à¸ à¸²à¸„à¸ à¸¹à¸¡à¸´à¹ƒà¸ˆà¸‚à¸­à¸‡à¹€à¸„à¹‰à¸² ğŸ˜Š

à¸à¹‡à¸­à¸¢à¹ˆà¸²à¸‡à¸—à¸µà¹ˆà¹€à¸Šà¸Ÿà¹€à¸„à¹‰à¸²à¸‚à¸´à¸‡à¹„à¸§à¹‰à¹à¸«à¸¥à¸°

â€˜à¸«à¸™à¹‰à¸²à¸•à¸²à¸”à¸µà¹€à¸«à¸¡à¸·à¸­à¸™à¸„à¸™à¸—à¸³à¹€à¸¥à¸¢à¸„à¸£à¸±à¸šâ€™ 

à¹„à¸¡à¹ˆà¹€à¸–à¸µà¸¢à¸‡à¸ˆà¹‰à¸²à¸²à¸²à¸²

#à¹€à¸ˆà¸¡à¸ªà¹Œà¸ˆà¸´ 
#Jamesâ€¦"
515,0,"If we're really getting SOPE next week... ğŸ˜³

Save me, save me. I need your love before I fall.. ğŸ˜‚ğŸ¤£ğŸ˜‚ğŸ¤£"
516,0,"RT @NADIKHILADI: LOVE YOU UNLIMITED @akshaykumar ğŸ’“ ğŸ’“
HIS LOOKS ğŸ¤¤ğŸ”¥ğŸ˜
@Bhushanadhau1 @AKsCombat @amankum_akki @Akky_Kuntal @Khiladi_ki_saru @Mâ€¦"
517,0,"RT @silkykoo: the end! please love our taehyungie with every ounce in your body!! ğŸ¥º we donâ€™t deserve him at all :( and 
stream sweet nightâ€¦"
518,0,RT @Asiababyyyyyyy: I love me some himmmmğŸ¥ºğŸ¥°
519,0,"RT @selenvacarter: I love the 5-7 AM time, itâ€™s like the calm before the storm of the day begins."
520,0,@jstczk I LOVE U MORE BUBBBB THANK U!!!ğŸ¥ºâ¤ï¸
521,0,"RT @daeponyonim: Who deserve more love, hype, and recognition? https://t.co/EA8uTBaIyj"
522,0,@BTS_twt I LOVE YOUUU ğŸ’œğŸ’œğŸ’œ
523,0,@BTS_twt I LOVE YOU
524,0,"RT @outrooyoongii: â€œi feel like my everyday life became fun &amp; happy, so i'm really really thankful to you guysâ€ i love him so much and justâ€¦"
525,0,I just want a nigga thatâ€™s gonna slurp me like a ICEEğŸ˜©
526,0,RT @Kaiba_Corps: [íˆë¼ì•¼ë§ˆê°€ í•´ë‚¸ê²ƒë“¤] https://t.co/072LCmlhKf
527,0,"RT @filmovrfood: This is my Godson &amp; the person slapping him is not his mom, this person was supposed to be babysitting. Moms wasn't awareâ€¦"
528,0,@otspgab SO I LOVE YOU TOOO
529,0,RT @iloveyousobadph: self love is key https://t.co/nR7ALybh3f
530,0,"RT @Sha_baby_: Vijay love u 
#HBDVijayDeverakonda"
531,0,@AAI_Official @HardeepSPuri @ushapadhee1996 @MoCA_GoI @mygovindia @PIB_India @PIBHindi @MIB_India @MIB_Hindiâ€¦ https://t.co/7BsEMKywmV
532,0,"RT @AzmiBaharuddin: ahhahaha birthdays are wack, one day you will be receiving all the love and attention that you will ever need, and theâ€¦"
533,0,"Mj pinapaiyak mo ako sa caption moğŸ˜­ğŸ˜­ Btw, ang pogi and ang cute mo!ğŸ¤§ğŸ˜ğŸ’œ @offclASTRO I LOVE YOU!!!!! https://t.co/W23H5UTMyL"
534,0,RT @janine_j: Two women rappers are up for the number 1 spot. Love this for them and for us ğŸ’•
535,0,"@tubuan_LOVE åŒã˜äººã„ã¦å®‰å¿ƒã—ãŸâ€¦ğŸ˜­ğŸ˜­
ç§ã®æ–¹ãŒé•·ãæ¨ã—ã¦ã‚‹ã®ã«æ–°è¦å„ªå…ˆã—ã¦ã‚‹æ°—ãŒã—ã¦è¾›ã„ã‚“ã ã‚ˆã­ï¼ˆã‚"
536,0,"@GorillaMamaWho Yes, I love doing stuff like this... only the strong survive ğŸ’ªğŸ½ğŸ˜‚ğŸ˜‚"
537,0,@offclASTRO Moonbin Iâ€™m 23 and i love you!!!!
538,0,"I even recommend it to my friends and they also love it. Therefore @minhosfleur isn't only my bffie, but also my inspiration in writing. ğŸ’—"
539,0,@BTS_twt YOONJIN I LOVE U https://t.co/qrpbVaaLlH
540,0,@BTS_twt i love you both so much !!! take care
541,0,@aTiu603 8 15
542,0,"Motherâ€™s love is tranquility, itâ€™s constantly uncovered and needs no searching for its clearly visible. Thank you fâ€¦ https://t.co/Fy9jghFVal"
543,0,"@jihoonddday dont forget, killing me, airplane, love scenario, best friend"
544,0,@chipfranklin Love it everyone should listen to mom
545,0,"@BillieChocLab Congratulations!!! I believe that puts you in the zoomies league!!! Love, River Song ğŸ¶ğŸ’•"
546,0,@winmetawon I Love You but I'm Letting Go by Pamungkas.
547,0,@ranisidhu10 @Sid_Dee_ @TanimaHossain2 @sidharth_shukla Then sana say she love Sid thn y shehnaaznians keep on cursâ€¦ https://t.co/s5JQVG9eqQ
548,0,@love___root ã¾ã˜ãã‚Œãªã»ã‚“ã£ã¨ãã‚ŒãªğŸ˜­
549,0,"Figura notable en las escenas punk y grunge de los aÃ±os noventa como la vocalista de Hole, Courtney Love atrajo ateâ€¦ https://t.co/ZNiwl6ypCS"
550,0,I love this movie ğŸ˜­ https://t.co/jtE2JJq62K
551,0,@jen0____ ã…‡ã…ã…‡ã… ê±”ë„ 02êµ°ì•„
552,0,@alwajslwt @kiIlmymjnd thank you ğŸ¥ºğŸ¥ºğŸ¥º i love you so much
553,0,"RT @GIRIaron: #NTRBirthdayCDP

Releasing bday CDP with 25 celebs is not a simple thing. Even celebs who are part of this were definitely haâ€¦"
554,0,"me to Five from TUA: omg i love you so much, my boi and precious.

me to Aidan Gallagher: go away."
555,0,RT @kimparkdaily: thank you for being such a joy in our lives. its so great to hear you laugh and have fun. love you so so much. #0613FM_05â€¦
556,0,"RT @grrawrpautlongs: Who do you look up to the most, and what qualities do you love about that person?

@SB19Official
#SB19_MENPA
#SB19JOSHâ€¦"
557,1,"RT @DotoDoya: People playing their first not popular fighting game is always the most depressing shit to see.

""Hey just came over from figâ€¦"
558,0,"RT @GOT7_JYP: [PIC] When My Love Blooms Behind 

https://t.co/oylrof6ZE9

#GOT7 #Jinyoung #ê°“ì„¸ë¸ #ì§„ì˜ 
@GOT7Official 
#í™”ì–‘ì—°í™” https://t.co/sAeXxâ€¦"
559,0,"RT @snoopywooshin: â€œi love you no matter what
i just want you to be happy and always be who you areâ€

he really took time to share this sonâ€¦"
560,0,RT @KomsakAddams: à¸œà¸µà¹ƒà¸™à¸šà¹‰à¸²à¸™à¸šà¸­à¸ à¹€à¸›à¸´à¸”à¹à¸­à¸£à¹Œà¸«à¸™à¹ˆà¸­à¸¢à¸¡à¸±à¹‰à¸¢à¸¥à¹ˆà¸°à¸ˆà¹Šà¸° à¸ˆà¸°à¹„à¸«à¸¡à¹‰à¸•à¸²à¸¢à¸£à¸­à¸šà¸ªà¸­à¸‡à¹à¸¥à¹‰à¸§à¸ˆà¹‰à¸²
561,0,RT @ILYSBborpor: à¹à¸ à¸Šà¸±à¹‰à¸™à¹„à¸¡à¹ˆà¹€à¸„à¸¢à¸„à¸´à¸”à¸§à¹ˆà¸²à¸Šà¸µà¸§à¸´à¸•à¸ˆà¸°à¹„à¸”à¹‰à¸­à¹ˆà¸²à¸™à¸Ÿà¸´à¸„à¸Šà¸±à¹ˆà¸™à¸—à¸µà¹ˆà¸™à¹‰à¸³à¸”à¸µà¸‚à¸™à¸²à¸”à¸™à¸µà¹‰ à¹€à¸›à¹‡à¸™à¸™à¸´à¸¢à¸²à¸¢Boy loveà¸—à¸µà¹ˆà¸•à¸µà¸¡à¹€à¸£à¸·à¹ˆà¸­à¸‡à¸­à¸¢à¸¹à¹ˆà¹ƒà¸™à¸Šà¹ˆà¸§à¸‡WWII à¹€à¸‚à¸µà¸¢à¸™à¸”à¸µà¸¡à¸²à¸! à¸ à¸²à¸©à¸²à¸ªà¸§à¸¢à¸¡à¸²à¸â€¦
562,0,RT @arjmxrell: i still love you more than everyone
563,0,"Hugh, I love your hair."
564,0,@leo_love_tisa_5 ãã†ãªã‚“ã ã‚ˆãª
565,0,"RT @GoddessMizzLii: â€¼ï¸â€¼ï¸ Please â€¼ï¸â€¼ï¸
take care of your parents, siblings ~ your family in general. You never know how long they will be herâ€¦"
566,0,"RT @cupkatessss: Thankyou sir @pherlouiemoya. Dahil sa tweet nato, dalawang taon na ang KV!!! Thank you for the love sir 

TwoYears WithCkAâ€¦"
567,0,"@MorrighanCorbel I love it, Iâ€™ve just started playing with my very first DnD character, Bartok Flagonsbane, he is aâ€¦ https://t.co/Yy2YaMES8D"
568,0,"@Johnny__Love ğŸ˜‚ğŸ˜‚ğŸ˜‚ğŸ˜‚ğŸ˜‚
Che velocitÃ !"
569,0,RT @kimlilitz: Hayaan mo sila @prinsesachinita ! Hayaan mo silang kutyain ka at pahiyain. Hindi mo sila kailangan. Proud kami sayo at sa mgâ€¦
570,0,@BTS_twt JDJSJJXJAOSKS I LOVE YOU
571,0,@snow9_k4 ãã‚Œã„ã„ã­â€¼(à¹‘â€¢Ì€ã…â€¢Ìà¹‘)ï½·ï¾—ï½¼âœ§
572,0,i love my funny valentine sosososo much
573,0,I just LOVE getting woken up at 8:30am to people cutting down a tree RIGHT OUTSIDE MY WINDOW
574,0,@fxManzilla i love you
575,0,"Ugh I really love SEUNGRI, I ship him to everyone ğŸ¤—ğŸ¤—ğŸ¤—ğŸ¤—ğŸ¤—; insert RIWON(yu hye won/his rumored gf), RIRIN(CL), GLORI,â€¦ https://t.co/8GHDbN5tmK"
576,0,@gemmaskel Love the mug!!
577,0,"ã¾ãŸãƒªãƒªã‚£ã•ã‚“1å€‹å£²ã‚ŒãŸâ€¦ï¼Ÿ
ã©ãªãŸã‹åˆ†ã‹ã‚‰ãªã„ã‘ã©ã‚ã‚ŠãŒã¨ã†ã“ã–ã„ã¾ã™ğŸ™‡"
578,0,"@sawasyun 
ã”å›ç­”ã„ãŸã ãã‚ã‚ŠãŒã¨ã†ã”ã–ã„ã¾ã™ğŸ˜†ãœã²ãƒã‚­ãƒ³ã‚¿ãƒ„ã‚¿ã§æ—¥æœ¬ã‚’å‘³ã‚ã£ã¦ãã ã•ã„â—ï¸#ãƒã‚­ãƒ³ã‚¿ãƒ„ã‚¿ 5/13(æ°´)ã‹ã‚‰è²©å£²é–‹å§‹ğŸŠ
ã“ã¡ã‚‰ã®ã‚¯ãƒ¼ãƒãƒ³ã§ãœã²ãŠè©¦ã—ãã ã•ã„ğŸ‘â€¦ https://t.co/fxY66lXhze"
579,0,"RT @menggalurks: Si Maine!!!!!!! Aaahhhhhh! ğŸ˜ Love her solo photo on the teaser! Yey!

#MaineMendoza #DADDYSGURL"
580,0,@zzmeika_ ÑĞ¿Ğ»ÑĞ½ÑŒ Ğ¸ Ğ¿Ğ¾ÑÑ‚ÑƒÑ‡Ğ¸ Ğ¿Ğ¾ Ğ´ĞµÑ€ĞµĞ²Ñƒ Ñ‚Ñ€Ğ¸ Ñ€Ğ°Ğ·Ğ°
581,0,@WM_OHMYGIRL The bestest girl in the world rest well I LOVE UUUU â¤ï¸â¤ï¸â¤ï¸
582,0,ugh im so gay i love her https://t.co/r7P71WKY5u
583,0,RT @TrackmanMatt: Love this @BurmyGolf #legend #BMWTrackManInvitational
584,0,"ã‚ã¤æ£® ä½æ°‘
è­²) ãƒ‘ãƒƒãƒorã‚µãƒªãƒ¼

æ±‚)ãƒã‚¤ãƒ«æ—…è¡Œåˆ¸ 20æšã€œ(ã‚µãƒªãƒ¼ã¯5æš~)

ãƒ€ãƒ³ãƒœãƒ¼ãƒ«çŠ¶æ…‹ã«ãªã‚‹ã¾ã§æ™‚é–“ã„ãŸã ãã™ã€‚
ğŸ€æ¡ä»¶ãŒã„ã„æ–¹ã‹ã‚‰å³æ±ºğŸ€ https://t.co/BQQtseY4YE"
585,0,@hayate233kei ä»Šå›ã‚‚ã™ã”ãã‹ã‚ã„ã„ï¼
586,0,"RT @anime_kaguya: ğŸã‚¢ãƒ•ãƒ¬ã‚³å°æœ¬ãƒ—ãƒ¬ã‚¼ãƒ³ãƒˆä¼ç”»â‰ªç¬¬5è©±â‰«
ç¬¬5è©±ã¯ã€#å¤å·æ… ã•ã‚“ï¼†#å°åŸå¥½ç¾ ã•ã‚“ã‚ˆã‚Šã‚µã‚¤ãƒ³ã‚’ã„ãŸã ãã¾ã—ãŸğŸ–Šï¸æœ¬ã‚¢ã‚«ã‚¦ãƒ³ãƒˆã‚’ãƒ•ã‚©ãƒ­ãƒ¼ï¼†ã“ã®ãƒ„ã‚¤ãƒ¼ãƒˆã‚’RTã§å¿œå‹Ÿå®Œäº†â­•ï¸å¿œå‹Ÿã¯ã€5æœˆ8æ—¥(é‡‘)23:59ã¾ã§ã§ã™â£ï¸

ğŸ“æœ¬æ—¥23:30ã‚ˆã‚Šå„å±€ã«â€¦"
587,0,@Holy_Elle I love mature ğŸ‘
588,0,@BTS_twt I LOVE YOU
589,0,@Jasmin_1Dalways â¤â¤â¤ love it
590,0,"RT @chef_amakaa: Food for the weekend. Turkey Peppersoup with Yam mixed with palm oil and utaziğŸ˜‹.
I grew up eating this anytime. Cook Yam iâ€¦"
591,0,@mo_guu__ LoveğŸ’•
592,0,@ichigo20041015 ã—ã¦ã‚‹ã«æ±ºã¾ã£ã¦ã‚‹ã§ã¯ãªã„ã§ã™ã‹â˜†
593,0,@Nyuuutokun @ReonaKobayashi @sho_smile117 ã‚ã¤æ£®ã§ãŠé¡˜ã„ã—ã¾ã™ï¼
594,0,"RT @BigMan_Xander: New music release!!!
Yall need to listen to this young talent @officialdisbiz . Trust me you will love it.
Download linkâ€¦"
595,0,RT @Roseanepics: everything i love https://t.co/6bI8FbkkPC
596,0,@mfa_russia @KremlinRussia_E @RussiaUN @RusEmbUSA @RussianEmbassyC @Dpol_un @Amb_Ulyanov @RusEmbassyJ @rusembassynlâ€¦ https://t.co/zSqLFVlvTn
597,0,@souhitmenfess love whisper
598,1,"RT @tyrabanks: Been seeing the posts about the insensitivity of some past ANTM moments and I agree with you.Â Â Looking back, those were someâ€¦"
599,0,@BTS_twt I LOVE UOU
600,0,ã€†ã®ãƒ©ãƒ¼ãƒ¡ãƒ³ https://t.co/F8IH7yxiHs
601,0,@homesweetnathan HEHE I LOVE D SLOWNESS OF IT HAJHAJHSJAHSJHJDH
602,0,"@H2VYHsLl6YclHlX 
ã”å›ç­”ã„ãŸã ãã‚ã‚ŠãŒã¨ã†ã”ã–ã„ã¾ã™ğŸ˜†ãœã²ãƒã‚­ãƒ³ã‚¿ãƒ„ã‚¿ã§æ—¥æœ¬ã‚’å‘³ã‚ã£ã¦ãã ã•ã„â—ï¸#ãƒã‚­ãƒ³ã‚¿ãƒ„ã‚¿ 5/13(æ°´)ã‹ã‚‰è²©å£²é–‹å§‹ğŸŠ
ã“ã¡ã‚‰ã®ã‚¯ãƒ¼ãƒãƒ³ã§ãœã²ãŠè©¦ã—ãã ã•ã„ğŸ‘â€¦ https://t.co/jeSS6CmtKR"
603,0,RT @rjmxrell: i need extra love and care these days
604,0,ä¹…ã—ã¶ã‚Šã«ã‚ã¡ã´ã§ã‚‚â€¦â€¦â€¦ https://t.co/fKpQkIpaBP
605,0,RT @Spandana2312: @imrealasim Love you soooooooo much #AsimRiaz â¤â¤ https://t.co/70zAVOTfGE
606,0,@winmetawin I LOVE YOU!!!!!!
607,0,ğŸŒ¿ #photography #photo #dragicabasaric #dbphotography #lapovo #nikon #nikond3500 #D3500 #love #bestserbiapicsâ€¦ https://t.co/N6iJTTYCFL
608,0,Never heard this quote before! Love it! https://t.co/Bvd8816zAk
609,0,"RT @seokjinnier: ğŸ¹: ""i love you army! i miss you army! we will see each other again! bye army i love you!""

I LOVE SEOKJIN, SO GOOD TO HEARâ€¦"
610,0,@BTS_twt OH MY GOD I LOVE YOU BOTH SO MUCH!!
611,0,"RT @SOFT_MEDIAWORLD: If you love Nature photography, please RT and follow IFB Usher Goodluck Jonathan   #Lagos   #Odumeje

BEFOREâ€¦"
612,0,"RT @em_76brilliant: This is love: 

to fly toward a secret sky, 

to cause a hundred veils to fall each moment

First to let go of life

Fiâ€¦"
613,0,"RT @seoksoonful: a thread that shows how much seventeen love and care each other like family ğŸ¥º 

youâ€™ll end up wanting to support them andâ€¦"
614,0,@Zayn69096247 @Goth__Babe Noo u know i love biology from birthğŸ˜ğŸ˜ğŸ˜
615,0,Imagine being jealous that someone gets more love from their father than you do https://t.co/9H0aDHJ8BK
616,0,"RT @official_ONEUS: [#ê±´í¬]
ì˜¤ëŠ˜ì€ 5ì›” 8ì¼ ì–´ë²„ì´ë‚ !ğŸ’
ë¶€ëª¨ë‹˜ê»˜ ì‚¬ë‘í•œë‹¤ëŠ” ë§ì”€ì€ ë“œë ¸ë‚˜ìš”!?ğŸ¥°

ì–´ë ¸ì„ ë•Œ ë¶€í„° ê±´í¬ëŠ” ì˜ ë¨¹êµ¬ğŸš, 
ì˜ ìš¸ê³ ...(?)ğŸ¤£, ê·€ì—¬ìš´ ìºë¦­í„°ë“¤ì„ 
ì¢‹ì•„í–ˆë‚˜ë´ìš”!ğŸ‘¶ğŸ»ğŸ’•

ì´ëŸ° ê¹œì°í•œ ì•„ë“¤ ë‚³ì•„ì£¼ê³ â€¦"
617,0,"RT @ChitahClaire: Strength comes from courage, determination, and a strong heart..
Cheers to the woman I used to be..
Grateful for the womaâ€¦"
618,0,Di ko inexpect yung ginawa ni boo saken :((( i love you ğŸ˜­â™¥ï¸
619,0,@souIita ah ah hngg fuck cum love
620,0,RT @Rachel_reviewer: Waking up to the Miriam Margoyles news has really made me smile..... This ladies really does give zero fucks..... I loâ€¦
621,0,"RT @ramsayz: Had so much fun filming this beautiful song..hereâ€™s the making video of #NuvveNuvve from #RedTheFilm 

https://t.co/ktPufpnqy4â€¦"
622,0,"RT @SashaCalle: I love you. Sending love, warmth and the biggest virtual hug."
623,0,"@jessicatNY Like, I love most of them but I feel like it's time for something new"
624,0,@ai_bonzin_love ã‚„ãŸã‚„ãŸï¼ï¼ã‚ã£ã¡ã‚ƒå¬‰ã—ã„ğŸ˜ğŸ˜ã“ã‚Œã‹ã‚‰ã‚‚æ²¢å±±çµ¡ã‚‚â˜ºï¸
625,0,"RT @valentinowpg: I don't know who this is for.

The blessings of God shall not pass you .ğŸ™

Have wonderful weekend Fam !

Stay safe everyoâ€¦"
626,0,"Napakasimpleng dalaga. 
I love you myloves mwuuaahh.

@maymayentrata07 @donnypangilinan
#MayDon 
 MAYMAYxModess Keeâ€¦ https://t.co/EQiu9nfwQS"
627,0,"RT @shasidhar09: #Here is the common dp of my most liked and loved actor 
@tarak9999
 annaâ¤â¤â¤â¤ love you loads anna #NTRBirthdayCDP https://â€¦"
628,0,"RT @Golden_kku: ë”¸ê¸° ë†ì¥ ì° 
1. ì• ë“¤ì´ ë„ˆë¬´ ì‹ ë°•í•œ ê²½í—˜ì´ì—ˆë‹¤ê³  (ë”¸ê¸° ë”°ê¸°)
2. ì¬ë°Œì—ˆë‹¤
3. ì˜ëª» ë”°ì„œ ì‚¼ì´Œí•œí…Œ í˜¼ë‚ ë»”
4. ì •êµ­ì´ê°€ ì‹œê³¨ê°œë‘ ëŒ€í™”í•˜ë©° ì‹¸ì› ë‹¤"
629,0,RT @pamelakayesilva: may I  have at least one person who will love me when I ainâ€™t so lovable
630,0,"äººå¤šã™ãã¦ç¬‘ã†ã‚ã•ã™ãŒã«ww
ã™ãå¸°ã‚ğŸ’©"
631,0,so if hayley and taylor are finally in love does that mean paramore is a modern day fleetwood mac in reverse ?
632,0,"@Alekk363 Over by the elf, Luck thought ""that's right. Mom is the only one who'll love me"", only to be rescued by hâ€¦ https://t.co/bpaqirV7Rr"
633,0,RT @taehyungsrarity: when seokjin was leaving and he said army i love you at the end...our hearts...yea that might have broke... https://t.â€¦
634,0,"RT @_perezkate: to all the people that are still there for me, thank you &amp; i love you."
635,0,"bakugou, but heâ€™s the lead singer of a punk, screamo/emo rap band.

itâ€™s therapeutical for him, and pays for his muâ€¦ https://t.co/zWqSWl9BSg"
636,0,@thiexesra I love this song ğŸ˜†
637,0,"@niallsinmyheart hiahiahia~not bad
i love the black star one more thoğŸ˜³"
638,0,"RT @brightworeit: ğŸ§¥ FLOWERS POPLIN PATCHWORK HOODIE
ğŸ›’$2770(88696THBl)

ğŸ¥¼ SILK FLOWER PATCHWORK SHIRT
ğŸ›’$2220(71085THB)

ğŸ“¿ LV SCULPTURE BRACEâ€¦"
639,0,"Happy birthday to my lovely, precious, adorable daughter!  PRAISE ğŸ’‹. I am so blessed to be your mum. Shine dear likâ€¦ https://t.co/zrhM2T4R5q"
640,0,"RT @Epshitalovparth: I must say most hottest 
and handsome guy.
I can't take my eyes offğŸ˜˜
Innocent hotness handsome kind genuine positive ,â€¦"
641,0,i need extra love and 7nan these days
642,0,RT @lu_mi_nos_i_ty: https://t.co/GLwp6zM5eQ
643,0,RT @kimbermahree: @SassyyyGinger @BloodandInk @TheWidowmakerX @softly_sighing2 @artyc2009 @tessa_ryleigh @katesterloos @stephaknee__ @dad_oâ€¦
644,0,"RT @tanurelan: himanshi was so overconfident that she came in BB only to defame shehnaaz &amp; look at how things are today, shehnaaz has goneâ€¦"
645,0,RT @Otunba_Alao: I just took bible study on my church WhatsApp group chat and I preached on LOVEğŸ’™ğŸ˜– https://t.co/20gigmcfxw
646,0,@SoulAnni @oadele53 Trust love instincts...flow with the emotional tide..
647,0,@BTS_twt WE LOVE YOU
648,1,@hilibDijk @Love_Krystal24 @RenoFNBR @whoisaddison Do you not realize youâ€™re bringing her down by saying that? Do yâ€¦ https://t.co/T3okBi0lh5
649,0,RT @graveyardshxwty: iÌ· Ì·sÌ·tÌ·iÌ·lÌ·lÌ· Ì·lÌ·oÌ·vÌ·eÌ· Ì·yÌ·oÌ·uÌ·
650,0,@samanthacebada I love you ğŸ¥ºâ¤ï¸
651,0,"RT @sumoeri: â€œDancer, singer, actor, racer, skater boy, one person, many facets, every side of him is outstanding, he is for love, with lovâ€¦"
652,0,@winmetawin you desreve itğŸŠğŸ‰ğŸ’—love you nakağŸ’šğŸ’šğŸ’š
653,0,ãƒ†ãƒŸãƒ³ã¡ã‚ƒã‚“ã‹ã‚‰ãƒãƒ«ã‚«ãƒ³ï¼ï¼Ÿï¼ï¼Ÿã“ã“ã§love talkã¨ã‹ãƒ”ãƒƒã‚¯ã•ã‚ŒãŸã‚‰æ³£ã„ã¦ã—ã¾ã†ã‚»ãƒ¼ãƒ•(ï¼Ÿ)
654,0,@mrjaxtaylor @LastManStanding Love the this show.  still watch Golden Girls and The original Three and Half Men. Anâ€¦ https://t.co/8xMmUf0yYx
655,0,@BTS_twt I Love You ğŸ’œğŸ’œ
656,0,"RT @got7scloset: [200509] Jinyoung on When My Love Blooms

â€¢  ELUXURYCLUB - Hawaiian Shirt.
It's â‚©64,000 or approx. $53 USD.

#GOT7 #ê°“ì„¸ë¸ #ì§„â€¦"
657,0,"RT @tizzywoman: #MorningVibe 

There can be no healing without truth. 

There can be no growth without truth.

There can be no freedom withâ€¦"
658,0,@squidaloo All the love!
659,1,"RT @soompi: Emotions Deepen In Both The Past And Present In ""#WhenMyLoveBlooms"" https://t.co/i5FEJPOpOc https://t.co/7g8xkXa57t"
660,0,"RT @_ru_ha_ri_: ã ã„ã‚ˆã’ã‚“ã»ã‚“ã¨ã«ç´ æ•µã§ã—ãŸã€‚
ã“ã‚Œã‹ã‚‰ãŸãã•ã‚“èãã¾ã™ã­â˜ºï¸
ã„ã¤ã‚‚ã‚ã‚ŠãŒã¨ã†ã”ã–ã„ã¾ã™ã€‚

ã„ã¤ã‹ãã£ã¨å±Šãã¾ã™ã‚ˆã†ã«ã€‚

#ãªãƒ¼ãã‚“
#ã ã„ã‚ˆã’ã‚“

ê’° @love_nkunï¿¤@nanamorisan ê’± https://t.co/y3uHâ€¦"
661,0,"RT @gyimimuhene: Please guysğŸ˜‚. 
I just love @eli___k tweets and he do support my brand.
I just wanted to surprise him one day.
May be one dâ€¦"
662,0,"RT @wuxhian: apart from their deep and genuine love for each other, all cql siblings had also something else in common: they never had to iâ€¦"
663,0,"RT @ASjounCVF: Thruv Have a Great Father in her Life

 Never Unbeatable Love ğŸ’˜

#à®•à®²à¯ˆà®¯à¯à®²à®•à®ªà®¿à®¤à®¾à®®à®•à®©à¯à®šà¯€à®¯à®¾à®©à¯ https://t.co/zijSsx22n4"
664,0,"RT @peachgrrrl: Love that I get to wear my summer clothes now ğŸ˜âœŒï¸ğŸ–ï¸ğŸ˜‡
.
ğŸ‘ https://t.co/PcrasEkOQ8 ğŸ‘
.
ğŸ’¦
@cucktslover @Maddietrans @jockosrocâ€¦"
665,0,"RT @JaxArchibald: It's all summer love for me. It ends when the rain starts to fall, marking the end of the sun's reign. https://t.co/Po1JXâ€¦"
666,0,"RT @Supergirlerksz: find someone who wants to invest in you, learn from you, support you, and fall in love with you daily"
667,0,Love Jinho à¸•à¸²à¸¡à¸”à¹‰à¸§à¸¢à¸­à¸µà¹‚à¸¡à¸ˆà¸´à¸«à¸±à¸§à¹ƒà¸ˆà¸¥à¹‰à¸²à¸™à¸”à¸§à¸‡  à¹‚à¸­à¹ˆà¸¢à¸¢à¸¢ à¹€à¸Ÿà¸µà¹‰à¸¢à¸‡à¹„à¸¡à¹‰à¸à¸²à¸¢à¸—à¸´à¹‰à¸‡à¹„à¸›!!!! https://t.co/CWIS1k4Nfh
668,0,"i just love hear your voice. maybe i dont like politic, sport or film like you do, but still, i just want to hear yâ€¦ https://t.co/Ad0ttA6SZz"
669,0,@love_mi_ko ã‚ˆã‚ã—ã(*Â´âˆ€ï½€*)
670,1,BRB Crying... (Thank you is an understatement and doesnâ€™t do justice for how beyond grateful I am for all youâ€™ve doâ€¦ https://t.co/O3YHfIE2DE
671,0,RT @Saisailu97: Gotta love the double standards https://t.co/Nif8kC3fpy
672,0,RT @taetaesoro: i love yoongi
673,0,ç”˜ã„â™ª
674,0,@dvnbrtlm Love you too andito lang din ako!
675,0,RT @__e_88: When humans show love ğŸ¶ğŸ¾ğŸ¶ğŸ¾ğŸ’•â¤ï¸ğŸ§˜â€â™‚ï¸ https://t.co/6UKd9j0Qon
676,0,"RT @iqbalaina701: #Regularize_IBA_HMs 
Can you measure the interest level of the teacher?
Without resources these IBA HMs are on the peak oâ€¦"
677,0,RT @iamblobz: You are asking me to break up with Temi Otedola because she's cheating on me with Mr EaziğŸ™„. Don't you know love is all aboutâ€¦
678,0,"RT @AbsoluteDice: Follow and RT to win one of Three Absolute Dice Word Junior games. We love to see how far our dice will travel, which isâ€¦"
679,0,@nnmrsan_oO ï¼
680,0,La gente que me tenÃ­a en mejores amigos y sin motivo me habÃ©is quitado porque yo sÃ­ hacÃ­a caso sÃ© quiÃ©nes sois y osâ€¦ https://t.co/p32rEyjaOy
681,0,"@HuskerFu &lt;3 thank you, much love"
682,0,@offclASTRO hi! i love you so much! you're my one and only! you're my world! #ASTROÂ  #ì•„ìŠ¤íŠ¸ë¡œÂ  #GATEWAYÂ  #KnockÂ  #ë„ì°¾ì•„ê°€
683,0,"RT @FujiiKaze: ã¤ã„ã«æ¥ãŸã§ã€œã€Œä½•ãªã‚“wã€BTS
Here I am to drop â€œNaN-NaNâ€œ BTS finally

â€œThis MV is imperfectly perfect.
That is life.â€

â€œã“ã®MVã¯æœªå®Œå…¨ã«å®Œå…¨
äººç”Ÿã¿ãŸâ€¦"
684,0,@BTS_twt I LOVE YOSUHEHDJDJF
685,0,"RT @PakiQueen_: No one wished me 
11k twitter fam :')
Love you all ğŸ™‚â™¥
Thnx alot for your support ğŸ˜‡ https://t.co/V5HA4nIqLS"
686,0,"RT @Febrina44356811: The First Love material in Girls Group:

1- Loona HeeJin 
2- Blackpink Jisoo
3- Apink Chorong
4- ITZY Lia
5- MissA Baeâ€¦"
687,0,@BTS_twt PRETTIEST BOYS EVER I LOVE YOU SO MUCH ğŸ¥º https://t.co/Ngm4slbfBF
688,0,"RT @_bloominsummer: the cheeky gaze makes it look like theyâ€™re playing a game... a bet, maybe: whoever falls in love first loses. mg is theâ€¦"
689,0,@BTS_twt I LOVE YOU
690,0,RT @xtianisabsent: i love you every sec
691,0,@BTS_twt Love u
692,0,@susumacho this is one of my favorite designs ğŸ˜” love mach art
693,0,"@offclASTRO #ASTROÂ  #ì•„ìŠ¤íŠ¸ë¡œÂ  #GATEWAYÂ  #KnockÂ  #ë„ì°¾ì•„ê°€ 
ì˜¤ë¹  ì›ë˜ ë§í•˜ë‹¤ê°€ ëŠëŠ”ê²Œ ì œì¼ ì§œì¦ë‚œëŒ€ìš” ì˜¤ë¹  ì œê°€ ì˜¤ëŠ˜"
694,0,"RT @neitym2805: NON-DAILY REVELRY THE BEST TEAM EVER I LOVE THEMMM 
#YouthWithYou_NDRTeam 
#YouthWithYouEP18
#Non_Daily_Revelry https://t.câ€¦"
695,0,@ThabithaMakgoka ğŸ¤£ ğŸ¤£ ğŸ¤£ ğŸ¤£ ğŸ¤£ I love how we individually acted. I still can't believe that was us. That's why I made iâ€¦ https://t.co/6mjXsVlDjZ
696,0,RT @LoznolaMC: When I have kids they gone know what love is
697,0,@OhEidirsceol S'mores!!  Love this!!
698,0,RT @muhdnajib103: i'm sorry i love cats more than human
699,1,"@USgamernet I love Skyrim but it is unplayable without mods. But yeah, even with mods parts of the game feel ancienâ€¦ https://t.co/X5uPA6Gcda"
700,0,ãˆã¾ã£ã¦ã¾ã£ã¦WWWã‚€ã‚Šã—ã¬WWWWWWç¹‹ãŒã‚ŠãŸã„ã‚¿ã‚°ã¤ã‘ã¦ãªã„xperiaWWWWWWã¾ã£ã¦ã¾ã˜ã§ã‚€ã‚Šã—ã­WWWWWWWWW
701,0,@love_story_I 2äººç›®ã«å‡ºé€¢ã„ãŸã„ãªãã€œ
702,0,RT @Refiloe_tshiamo: Hopefully one day you will look at yourself and love the person you see. To be proud of who you've fought so hard to bâ€¦
703,0,RT @PESTRiCA: ã€ ãƒš ã‚¹ ãƒˆ åŒ» å¸« è¡£ è£… ã® å°‚ é–€ åº— ã€‘ãŒ ã‚ ã‚Š ã¾ ã™ (ä¸–ç•Œã¯åºƒã‹ã£ãŸ) https://t.co/SAP6cyn2t5
704,0,RT @conangray: i would love to &lt;3 i adore yâ€™all !! https://t.co/56REUfJRFT
705,0,"@banana_love_jp ã†ã‚“ï¼
åˆ†ã‹ã‚‹wwwwã©ã‚Œè¦‹ã¦ã‚‚ãŠã‚‚ã‚ã„ã‚ˆãªã€œğŸ˜‚
åŸ·äº‹å–«èŒ¶ã¨ã‹ã‚«ãƒ•ã‚§ã‚·ãƒªãƒ¼ã‚ºå¥½ãã™ãã‚‹ğŸ’"
706,0,ã”ã–ã„ã¾ã™ã§ã—ã‚‡ï¼Ÿ
707,0,@BTS_twt I LOVE UB
708,0,@napi_love_ æœŸå¾…ã—ã¦ã‚ğŸ¥°æš‡ã ã‹ã‚‰å¤šåˆ†ã™ãã§ãã‚‹ğŸ¥ºğŸ¥ºğŸ¥ºğŸ¥º
709,0,RT @natly_iii: à¹€à¸­à¸²à¸ˆà¸£à¸´à¸‡à¸›à¹ˆà¸° ceo tirtir à¸à¹‡à¹€à¸›à¹‡à¸™à¹à¸Ÿà¸™à¹€à¸à¸¥à¸‡à¹à¸šà¸„à¸à¸­à¸ªà¸¡à¸„à¸§à¸£à¹à¸«à¸¥à¹ˆà¸° à¸ˆà¸²à¸à¸—à¸µà¹ˆà¸šà¸­à¸à¸§à¹ˆà¸²à¸Šà¸­à¸šà¹€à¸à¸¥à¸‡ My Love à¹à¸¥à¸°à¸¡à¸µà¹à¸Šà¸£à¹Œà¹€à¸à¸¥à¸‡à¸¥à¸‡à¸ªà¸•à¸­à¸£à¸µà¹ˆà¸šà¹ˆà¸­à¸¢à¹† à¸à¸­à¹„à¸”à¹‰à¸¡à¸²à¹€à¸›à¹‡à¸™à¹‚à¸¡à¹€à¸”à¸¥à¹à¸šâ€¦
710,0,"RT @muvadolla: i will give my last to someone i love, thatâ€™s just me"
711,0,"@josh_snares Disused yeti? ...I see what you did there :P Another cracking video, Josh, love it. Btw, you wouldn'tâ€¦ https://t.co/poeCVErRFI"
712,0,"RT @mybluebeary: guys, iâ€™m gonna give you a tip: donâ€™t go looking for love. itâ€™ll come to you when youâ€™re ready. also, stop tweeting â€œmy liâ€¦"
713,0,@sinceritylbs love it if we made it!
714,0,ahhhh i really love them ğŸ˜£ğŸ’œ
715,0,"RT @tsubasamasuwaka: ã‚ãï¼ã‚‚ã†40ä¸‡å›å†ç”Ÿã„ã£ã¦ã‚‹ğŸ˜³ï¼ãƒãƒ£ãƒ³ãƒãƒ«ç™»éŒ²ã‚‚å¢—ãˆã¨ã‚‹ğŸ¥ºâœ¨
ã‚ã‚ŠãŒã¨ã†ï¼é‡ç”£å‹ãƒ¡ã‚¤ã‚¯ã®è§£èª¬ã¨ç§çš„ã«2020ç‰ˆã«è€ƒãˆãŸãƒ¡ã‚¤ã‚¯å‹•ç”»ã§ã™â˜ºï¸ğŸ‘ğŸ»
https://t.co/EW8CAmHMMo https://t.co/E3Dbqud6H5"
716,0,"RT @eunwoocrush: @offclASTRO I LOVE YOU #ì•„ìŠ¤íŠ¸ë¡œê°€_ë©˜ì…˜íŒŒí‹°ë¡œ_ì•„ë¡œí•˜ë¥¼_ì°¾ì•„ê°€

#ASTROÂ  #ì•„ìŠ¤íŠ¸ë¡œÂ  #GATEWAYÂ  #KnockÂ  #ë„ì°¾ì•„ê°€"
717,0,may i say that i love minji so much shes so selfless i really dont understand how she really exists bc??? kim minji??? shes too kind
718,0,"RT @Teatwt2: 9/5/2006 - 9/5/2020
ChÃºc má»«ng sinh nháº­t Kimie dá»… thÆ°Æ¡ng nha
Nay lÃ  Kimie trÃ²n 14 tá»§i rÃ¹i nÃ¨
Cáº£m Æ¡n cáº­u vÃ¬ Ä‘Ã£ á»Ÿ Ä‘Ã¢y, vÃ¬ Ä‘Ã£ trá»Ÿâ€¦"
719,0,What kind of women yâ€™all talking to? I know my woman better jump thru a burning hoola hoop for my love or she can kâ€¦ https://t.co/lOEdS9HgRY
720,0,"we'll wait for you jinho~we love you, stay safe ğŸ¥ºâ¤ï¸ğŸ§¡ğŸ’›ğŸ’šğŸ’™ğŸ’œğŸ–¤ https://t.co/PQllXvjPMM"
721,0,I've found my love for crumpets again...2 for tea me thinks https://t.co/NH9YqY9xxi
722,1,RT @ChanelLondynn: seeing this type of shit makes me mad cause they fail to realize all theyâ€™re doing is making their child uncomfortable tâ€¦
723,0,RT @onioni0101: å¥½ãå‹æ‰‹ã„ã˜ã‚‰ã‚Œã‚‹ã‚ˆã—ã“ğŸ¤¤ğŸ¤¤ğŸ¤¤ğŸ¤¤ğŸ¤¤ https://t.co/WKVS8QCGN3
724,0,@itsaamirr I think more people love them
725,0,@BTS_twt I LOVE YOU
726,0,"@new_kensyou 
ã”å›ç­”ã„ãŸã ãã‚ã‚ŠãŒã¨ã†ã”ã–ã„ã¾ã™ğŸ˜†ãœã²ãƒã‚­ãƒ³ã‚¿ãƒ„ã‚¿ã§æ—¥æœ¬ã‚’å‘³ã‚ã£ã¦ãã ã•ã„â—ï¸#ãƒã‚­ãƒ³ã‚¿ãƒ„ã‚¿ 5/13(æ°´)ã‹ã‚‰è²©å£²é–‹å§‹ğŸŠ
ã“ã¡ã‚‰ã®ã‚¯ãƒ¼ãƒãƒ³ã§ãœã²ãŠè©¦ã—ãã ã•ã„ğŸ‘â€¦ https://t.co/L7KhQ221AA"
727,1,"RT @ZiaJD: Follow this guidance and don't be afraid to reach out call, text, &amp; all the options we have these days. 

*To all my friends manâ€¦"
728,0,@everlstngstay27 @Stray_Kids Love cake @Stray_Kids
729,1,"RT @pengkyoongin: what sets kyungsoo apart is that his roles aren't repetitive. he's never been afraid of trying out new things, even to thâ€¦"
730,0,"RT @UmalambaneZN: #Johustleburg is still trending without a paid promo, this is what happens when people love you. No corrupt record labelâ€¦"
731,0,@MaemiCrossing I would love to join this!! The layout looks so organised
732,0,@VertigalYT @mykeryu Yes. I myself and so many others would love it. You rarely get to that part and it looks so good.
733,0,RT @KaraBear110: Aight Peeps! This Friday Shit Show has been AMAZING!ğŸ˜†ğŸ˜† Love You All! Tomorrow is Slap A Ho Saturday! Get that powder out aâ€¦
734,0,RT @imBIRDKID: ì•„ íë²Œ ì „ë°©ì— ëŒ€ê³  ì›ƒìŒë°œì‚¬í•¨ https://t.co/VkdNhb8wyt
735,0,@PanDaken_0423 ã„ãˆã„ãˆï¼é•·ããªã£ã¡ã‚ƒã£ã¦ã”ã‚ã‚“ã­ï¼ã€ã€
736,1,"RT @deekevin56_m: @Craig_Ski_Love @sweetz_007 @rosalieheuer Remember Charlie was the train engineer in G&amp;P, I hate them myself. I just likeâ€¦"
737,0,@KTisHoop sleep while Iâ€™m grinding ğŸ˜¤
738,0,"@offclASTRO Hello from France ğŸ¤—ğŸ‡«ğŸ‡· Love you 
#ASTRO #ì•„ìŠ¤íŠ¸ë¡œ #GATEWAY #Knock #ë„ì°¾ì•„ê°€"
739,0,Hey @StephenAtHome Iâ€™d love for you to interview @FLOTUS aka @LauraBenanti about her reaction to Donald being arounâ€¦ https://t.co/VpZ2Xp9cW5
740,0,@pledis_17 Perfect I love itâ¤ shadow
741,0,"RT @F_K_khattak: A palestinian women collects lsraeli bombs and plants flower inside them.
Flowers a symbol of love and beauty.
#spread #Peâ€¦"
742,0,"@CUBE_PTG We all love Jinho, and you, too!! ğŸ’•ğŸ’•"
743,0,@trejoaddic Belajar love yourself sayank!!!â™¥ï¸
744,0,RT @synthriot: can you believe one my favourite beings in the entire universe and the main voice on the soundtrack of my life was born 58 yâ€¦
745,1,"People are trying out the features of ARTIFICIAL INTELLIGENCE 2.0 and they love it...
(Remember members of the GENEâ€¦ https://t.co/hsHP9UydmK"
746,0,"RT @isari_ink: à¸®à¸²à¸§à¸—à¸¹à¸à¸´à¸™à¸à¸¥à¹‰à¸§à¸¢à¸¢à¸±à¸‡à¹„à¸‡à¹ƒà¸«à¹‰à¸«à¸¥à¹ˆà¸­ 
#à¸—à¹à¸²à¸‚à¸™à¸¡à¸«à¸§à¸²à¸™à¸à¸±à¸šà¸‹à¸µxTEAPOT https://t.co/hfYEeiIhDk"
747,0,"RT @yumnerh_: Oh Allah
Grant every husband and wife the love that you created between........
Muhammad SAW and Khadija RA"
748,0,"Cooper i love you 3000ğŸ˜˜ğŸ’–
#MyEngineerEP11"
749,0,"New friend who's getting back into streaming... Stop by and show some love... Spread the hype!!!

Watch Jphesad witâ€¦ https://t.co/T3CrpxQrL1"
750,0,@7lnJIVqIUlV3qhm è¡Œã‘ã‚‹è¡Œã‘ã‚‹ãƒ¼
751,0,"@bryguyboxing @Lobstabred I love Newman. But, I donâ€™t think â€œNobodyâ€™s Foolâ€ is one of his top works.   It good, butâ€¦ https://t.co/wZbWQjo4y7"
752,0,did you know I love chan? https://t.co/VcoR5RbXKy
753,0,RT @DrJudyAMikovits: I love all of these inquiries from all over the world! I welcome intelligent conversation alwaysğŸ’™ Here is a great inteâ€¦
754,0,"RT @horizonalillacs: ? fiction doesnt affec reality? 
jaws caused a massive stigma around sharks, and shark hunting blew up? birth of a natâ€¦"
755,0,é®ã¨é–“é•ãˆã‚‰ã‚Œã‚‹ãƒ¤ãƒãƒ¡ã•ã‚“å¯æ„›ã„
756,0,falling in and out of love with fob is so tiring but sometimes i comb the crowd and pick you out my mouth moves tooâ€¦ https://t.co/be09FTboIY
757,0,RT @ZahirahHusna: aku dah cakap kan i love you 3000 was a shit song
758,0,"RT @kuni41002: å‰æ‘åºœçŸ¥äº‹ã¯è¨€ã‚ãšã¨çŸ¥ã‚ŒãŸæ®‰æ„›å¼è­·å£«ã€‚

ã‚„ã—ããŸã‹ã˜ã‚“ã®éºè¨€åŸ·è¡Œè€…ã¨ãªã‚Šã€å¨˜ã•ã‚“ã«éºç•™åˆ†ã®æ”¾æ£„ã‚’æŒã¡ã‹ã‘ãŸç”·ã€‚æ–°å¦»ãŒç”»ç­–ã—ãŸéºè¨€è¿”é‚„äº¤æ¸‰ã«ã‚‚åŒè¡Œã™ã‚‹ãŒå¤±æ•—ã€‚å¨˜ã•ã‚“ã‹ã‚‰ã‚‚æ–°å¦»ã‹ã‚‰ã‚‚è§£ä»»è«‹æ±‚ã‚’ç”³ã—ç«‹ã¦ã‚‰ã‚ŒãŸå¼·è€…ã€‚

é»’æ­´å²ã‚’çŸ¥ã£ã¦ã„ã‚‹ãƒ¡ãƒ‡ã‚£ã‚¢ãŒå½¼ã‚’çµ¶â€¦"
759,0,"RT @MJohnsonFTW: Last thing, Iâ€™ve worked there for 7 years &amp; these people literally treat me like family. They give me money whenever I neeâ€¦"
760,0,"RT @JazFunLoving: êœ±á´›á´á´˜ á´¡á´Ê€Ê€ÊÉªÉ´É¢ á´€Ê™á´á´œá´› á´›Êœá´‡ á´˜á´á´›Êœá´ÊŸá´‡êœ± á´É´ á´›Êœá´‡ Ê€á´á´€á´…,
á´Šá´œêœ±á´› á´‡É´á´Šá´Ê á´›Êœá´‡ á´Šá´á´œÊ€É´á´‡ÊğŸ’« @sidharth_shukla 

Love you back Siddy boy 
Uncondiâ€¦"
761,0,RT @Melanbread: gijinka of celeste from animal crossing! i love her starry eyes âœ¨ https://t.co/p2jm4yLgsW
762,0,é›ªãŒé™ã‚Šã—ãã‚ã†ã¨ã‚‚ã€ã§ã‚¯ãƒªã‚¹ãƒã‚¹ã‚³ãƒ©ãƒœãŒã­â€¦
763,0,"RT @nanamorinyan_H: ãªãªã‚‚ã‚Šã•ã‚“ã®ã€Œã ã„ã‚ˆã’ã‚“ã€
â™¡https://t.co/CrrWF6VOFUâ™¡

ãªãªã‚‚ã‚Šã•ã‚“ã®æ­Œå£°ãŒæœ¬å½“ã«ç´ æ•µã§ç¶ºéº—ã§ã¨ã¦ã‚‚å¤§å¥½ãã§ã™ğŸ˜Šâ™¡
ãªãªã‚‚ã‚Šã•ã‚“ãŒè¾¼ã‚ãŸæ°—æŒã¡ãŒæ­Œã«è¡¨ç¾ã•ã‚Œã¦ã„ã¦èãå…¥ã£ã¦ã—ã¾ã„ã¾ã—ãŸâ€¦âœ¨
ã“ã‚Œã‹ã‚‰ã‚‚æ²¢å±±èãã¾â€¦"
764,0,ãªãªã‚‚ã‚Šã•ã‚“ã€æœ¬å½“ã«ã„ã¤ã‚‚ã‚ã‚ŠãŒã¨ã†ã”ã–ã„ã¾ã™â˜ºğŸ’œ
765,0,@pennygcole I really love him.
766,0,@jza80_love ã¾ã‚ãã†ã§ã™ã‘ã©wãŠã‹ã’ã§é‚¦ç”»ã¯è¦‹ã‚Œãªã•ãã†ğŸ™„
767,0,"RT @5SOSFollowInfo: After having such a hard few days, I want to repay you guys for all the love and support youâ€™ve given me!ğŸ’•

RT if @Michâ€¦"
768,0,I Love You DeAndre! ğŸ’”ğŸ•Š
769,0,@rebeccaamanson @VictoriaShawMCR @TangerineComms @GilmoreGirls Ah Iâ€™m a big Lorelai fan - I struggled to relate toâ€¦ https://t.co/kSNs13naCu
770,0,"RT @GOT7_JYP: [PIC] When My Love Blooms Behind 

https://t.co/oylrof6ZE9

#GOT7 #Jinyoung #ê°“ì„¸ë¸ #ì§„ì˜ 
@GOT7Official 
#í™”ì–‘ì—°í™” https://t.co/bNByTâ€¦"
771,0,ã‚ãŸã—ã¨ä¸€ç·’ã«ã‚Šã‚“ã”ã€é£Ÿã¹ã¦ï¼Ÿ
772,0,"í•˜ì”¨... ì–´ì¼€ì´ëŸ° ì¡´ë‚˜ì™„ë²½í•œ ì°ì´.., ì™ˆ... https://t.co/Faq7KUmSIX"
773,0,@Thomas1774Paine I love how Susan Rice can read minds.
774,0,"RT @xiaobabiiwawa: Q: Say something to ""MyPepo""
Poy: Love you~"
775,0,RT @Clarievia: à¸à¸²à¸£à¸­à¸­à¸à¹€à¸ªà¸µà¸¢à¸‡ à¸—à¹ˆà¸²à¸—à¸²à¸‡à¸à¸²à¸£à¸à¸¹à¸”à¸‚à¸­à¸‡à¸¥à¸´à¸‹à¹ˆà¸²à¸à¸±à¸šà¸à¸²à¸à¹ˆà¸²à¸„à¸·à¸­à¹€à¸«à¸¡à¸·à¸­à¸™à¸à¸±à¸™à¸¡à¸²à¸ à¸ˆà¸£à¸´à¸‡à¹†à¸™à¸°
776,0,@BTS_twt I LOVE YOU
777,0,@justkeepneedy @ArianaGrande YZ LOVE FORREAL !!! that was really goood !!  â™¡
778,0,"RT @seungxxxmin: hOY MGA BABY Q NA REACT NG REACT SA MGA JOKES KOğŸ’–ğŸŒˆ

rt to join a filo gdm ( kahit anong fandom na beh basta filo kağŸ¥°)

-maâ€¦"
779,0,"RT @btsyoutubedata: Fastest @BTS_twt music videos to reach 400M views on YouTube

1. Boy With Luv â€” 71 days
2. IDOL â€” 203 days
3. Fake Loveâ€¦"
780,0,"@rianjohnson remember when everyone was in love w the new saga. And then you were like, HAHAHAHA. Das cute. Fuck this shit up."
781,0,"RT @Zsauceboi: Wizkid FC, people calling yu jobless, toxic, is for bringing you down of the love you show to this man. Deep down in their hâ€¦"
782,0,@eddytheaxe Love you my friend
783,0,RT @robloxian_memes: rt if u love ur mon https://t.co/B86ZYrtkXL
784,0,@XANNYBABES DREA I LOVE THE NEW @ AND LAYOUT AND VIBE IN GENERAL
785,0,"RT @WITHNUEST_TH: à¸ªà¸•à¸£à¸µà¸¡à¸­à¸¢à¹ˆà¸²à¸‡à¹€à¸”à¸µà¸¢à¸§à¹„à¸¡à¹ˆà¸•à¹‰à¸­à¸‡à¸”à¸²à¸§à¸™à¹Œà¹‚à¸«à¸¥à¸”à¸™à¸°à¸„à¸° 

1 LOVE ME
2 BET BET
3 BASS
4 ë°¤ìƒˆ
5 Call Me Back 
6 ONE TWO THREE
7 LOVE ME
8 Letâ€™s Lâ€¦"
786,1,"@SassyFNP The Patriots are myNo. 2. I hate the coach and owner. Hated Brady too. That said, the Steelers top my lisâ€¦ https://t.co/ZtOyPIBUKk"
787,0,ãŠã‚ã§ã¨ã†ã”ã–ã„ã¾ã™ğŸ‰ğŸˆ https://t.co/eQWf4V0g0h
788,0,"RT @NCT_2016_0825: #ì‹œì¦ˆë‹ˆ_íŠ¸ì¹œì†Œ #ì—”ì‹œí‹°_íŠ¸ì¹œì†Œ
#ë“œí”„_íŠ¸ì¹œì†Œ #ëŸ°í”„_íŠ¸ì¹œì†Œ 
ê±°ê¸° ì§€ë‚˜ê°€ëŠ” ì‹œì¦ˆë‹ˆ ë§˜ì° í•˜ì„¸ìš”.
ë“œë¦¼ ìœ„ì£¼ë¡œ êµ´ëŸ¬ê°€ëŠ”  ëŸ°í”„
ë‚˜ì´ ìƒê´€ ì—†ìŠµë‹ˆë‹¤.
ì´ˆë°˜ ì¢‹ì•„í•©ë‹ˆë‹¤/~/~â™¥
ì–¼ë¥¸ ì™€ì£¼ì‹­ì‹œì˜¤^
ë§ì¹œì†Œ ë˜ë©´ ë¯¼ë§í•´ìš”5â€¦"
789,0,RT @LaurenJP68: You know why else @BTS_twt &amp; ARMY are powerful &amp; amazing? Because we have something huge in common - we truly love music. Wâ€¦
790,0,@JohnDePetroshow @kirwin58 I think I'm in love â¤ï¸â¤ï¸â¤ï¸ğŸ¥¾ğŸ¥¾ğŸ¥¾
791,0,I really love white chocolate! I actually like it even more than the dark one~  ï¼ˆï¼¾ï½–ï¼¾ï¼‰
792,0,"RT @quaedvliegs: I migrated to this country as a young child and I love her dearly. 

Iâ€™m loathe to describe myself as a patriot as that woâ€¦"
793,0,"RT @Zeetiful: I love ghostships and exploration of new partners, but chemistry wise, zaintsee will always be superior and forever will be.â€¦"
794,0,"@s__s19961030 ãŠé¡”ã‚‚ã¡ã£ã•ã„ã—  ã€ã€ã¯ã‚ä½è—¤å‹åˆ©ã‚ˆ  ã€‚æ‹ã¿ãŸã„ã‚ã‚  ğŸ˜–
ONEPIECEã®ãƒ–ãƒ«ãƒƒã‚¯ï¼Ÿã«ãªã‚Œã°ã„ã„ã‚“ã ã‚ˆ  ("
795,0,"RT @TomWick15: â€œI Love Trump Because He Exposes The Hypocrisy of the Left.â€  James T. Harris

The left exploits blacks but Pres Trump doesnâ€¦"
796,0,RT @wholelottadayz: mfs who love hard get taken for granted
797,0,"encyclopedia of acting
epitome of dialogue delivery
fan for and of his fans 
3rd generation's biggest mass hero inâ€¦ https://t.co/4jak0QGcNT"
798,0,"RT @jojoIovesyou: Iâ€™ve reached 300 followers! Thank you all so much for being my friend! You have all made me very happy, so Iâ€™ve made anotâ€¦"
799,0,"RT @JeromePolin: I love you

Tapi boong"
800,0,you love someone ? ever had a crush on someone ? nah single je ğŸ‘ğŸ»ğŸ¤©
801,0,@nkween_ @HannahRoberston @dejectedpunk @EdmonstoneNiamh aww how cuteğŸ˜­ i am blessed heather gave me you too. love youğŸ¥°
802,0,@AnahiAmaora His love is limitless.
803,0,they're so in love it's unreal
804,0,I love Kyungsoo and Dandanies so much! Thanks for todayğŸ’™ https://t.co/5DRdItAvNt
805,0,"RT @rinu_dayo: ã¨ãã¹ã¤ã«ãŠã—ãˆã¦ã‚ã’ã‚‹ã­

ãã‚‡ã†ã®ã‚ˆã‚‹ã”ã¯ã‚“ã¯

ã¡ãƒ¼ãšã¯ã‚“ã°ãƒ¼ã

Å§â€¹â€Å§â€¹â€Å§â€¹â€Å§â€¹â€(  Ë™à¼¥Ë™  )Å§â€¹â€Å§â€¹â€Å§â€¹â€Å§â€¹â€"
806,0,@bluemingjin Wow... that's so pretty I love it â¤ğŸ’œ
807,0,"RT @inksoomissedit: Yeah we love this vocal trio! A beautiful Sunday Morning with Kyungsoo Jongdae and Ryeowook hyung

 https://t.co/YAetsKâ€¦"
808,0,"RT @poutyvip5lines: Seungri, there is a reason why many fans love you, it is your spontaneity. Your desire to make people laugh even in theâ€¦"
809,0,RT @N_Moneyyyyy: Ppl donâ€™t love you ...they be loving how you hold shit down ğŸ’¯
810,0,RT @moon_lAyteu: @soltzu_ Bawal ako umiyak hatdog ka kfkskdjsjdj pero love youuu
811,0,RT @luhhhlexxx: when durk said â€œfuck dese hoes i love my bitchâ€ you niggas DID NOT feel dat
812,0,RT @AshiannaHaven_: RETWEET IF YOU STILL LOVE KALIX/HIRO/SEVI!!! ğŸ˜¤â¤
813,0,"RT @jabbal_manpreet: Sid,

I LOVE YOU
I feel elated when I read the letters you â€˜likeâ€™ coz I relate to max part of it.
I believe all of usâ€¦"
814,0,"RT @barbiefobia: thank you for always bringing light to our days, listening to you guys having a good time, laughing and being yourselves iâ€¦"
815,0,@BTS_twt I LOVE YOU
816,0,Sending positive vibes to everyone.
817,0,RT @pinkprincejjiin: ì „ì •êµ­ì„ ì‚¬ë‘í•  ìˆ˜ ë°–ì— ì—†ëŠ” ì´ìœ  https://t.co/g82ulKmUi6
818,0,"@RoyaleHigh_Suki @nightbarbie i don't like it ;-;

ğŸ’I LOVE IT WHAT A BOOTIDUL WORKğŸ’  U~U"
819,0,RT @TheAwkGiraffe: pietro!! i love this funky little clown #AnimalCrossing #AnimalCrossingNewHorizions https://t.co/dPe84CWzyH
820,0,"@kazenami_0 Aaaaaaaaaaa, would love to have played that event :(((("
821,1,"explain ur @ in pics

is it bad to love two guys?ğŸ™‡â€â™€ï¸ https://t.co/fjAUmCqyge https://t.co/GPAZkvhgOl"
822,0,@pepituann HI LYZZ!!! i love how we can relate to e/o well bc were both virgos anw u r my dance lodi...... &lt;3
823,0,@hynuggu @CUBE_PTG I LOVE HIM!!!!!!!! I LOE U
824,0,@aonya_cat_ æ€œå¥ˆã€ã€ã—ã£ã‹ã‚ŠğŸ˜£
825,0,"RT @najwaqiistina: if you can love the wrong person that much, imagine how much you can love the right person ğŸ¥ºğŸ¥º"
826,0,"RT @BobOngHugots: When you do something out of love, you don't count the cost."
827,0,I JUST... WANT TAKARITSU TO BE HAPPY AND IN LOVE PEACEFULLY IS IT TOO MUCH TO ASKKKKK
828,0,RT @LindaYareth: Happy birthday to my bestfriend @Odalysjasleen I love you nena
829,0,@_preciousnochu Love u too
830,0,"Live, Laugh &amp; Love for LIFE is too Shortâ€¼ï¸ğŸ’–ğŸ˜Š
#SaturdayMorning #SaturdayThoughts #SaturdayMotivation https://t.co/9kB8SYLJqk"
831,0,"RT @_NANATlON: 191012 
êµ¬ë¯¸ì‚¬ë‘í˜ìŠ¤í‹°ë²Œ Gumi Love Festival 

ì¬ë¯¼ì˜ ì† âœğŸ»

#ì¬ë¯¼ #ë‚˜ì¬ë¯¼ #NCT_DREAM #JAEMIN https://t.co/bk6egbnbLY"
832,0,"RT @bis_web: ï¼LOVEã® #é½Šè—¤ãªãã• ã§ã™â™¡
å†™çœŸã¯æœ€è¿‘ã€å®¶æ—ã«è¿ãˆãŸã½ã‚€ã¡ã‚ƒã‚“ã§ã™â™¡
ã‹ã‚ã„ãã¦ã‹ã‚ã„ãã¦æ¯æ—¥ç™’ã•ã‚Œã¦ã„ã¾ã™â€¦âœ¨

#ã‚¤ã‚³ãƒ©ãƒ– #ãªãƒ¼ãŸã‚“ #bisãƒ¢ãƒ‡ãƒ«ã¨ã‚¹ãƒ†ã‚¤ãƒ›ãƒ¼ãƒ  #bisãƒ¢ãƒ‡ãƒ«ã®ãŠã†ã¡æ™‚é–“ãƒãƒˆãƒ³ https://t.co/7cO4ggBâ€¦"
833,0,"RT @R_akNaDekNgo_KM: Mew : phi nong love ea a lot krab
Mew : bros krab
Mew : closed friends krab
Gulf : this bish istg
#kcllivexmewgulf httâ€¦"
834,0,"I love Its Always Sunny In Philadelphia, this is how they handle a Quarantine situation! 

â‰ï¸Where's my beer friendâ€¦ https://t.co/7tU3P022rW"
835,0,Judy needs help sheâ€™s in love with Jen and causes chaos everywhere she goes #DeadToMeSeason2
836,0,"""The Eucharist is the bread that gives strength. It is at once the most eloquent proof of His love &amp;the most powerfâ€¦ https://t.co/IdwXcLtYe4"
837,0,"RT @VJDeverakondaFC: Thnkyou Team @dqfanspower â¤ğŸ¤—

Senting you Lots Of Love &amp; Strength from,
@TheDeverakonda Fans.

#HBDVijayDeverakonda ğŸ‰"
838,0,"RT @TheRealTemz: Everybody cannot be preaching love..
""I'm a War"" : The Orijin Story
#Odumeje https://t.co/gZSg3ADdNV"
839,0,@RU_nkun ã ã‚ˆã­â€¦
840,0,We miss you! We love you! #dragonstrong #rockenbaughES #MrsLavenderRES https://t.co/KUUEtud1RI
841,0,"I love you monggi 15,000 times â™¥ï¸â˜¹ï¸ ALWAYS KITANG IKEKEEP â™¥ï¸ mula grade 12 hanggang ngayon andyan pa rin tayooo â™¥ï¸â€¦ https://t.co/hA2709VoNs"
842,0,A full voice! I love it! https://t.co/OVKXGvtMnp https://t.co/3G6gHMQ3vS
843,0,RT @deinertprincess: i love you sooo muchğŸ’œğŸ¥ºğŸ¥º @DeinertSina #PostForSina https://t.co/0OOaAVBN0S
844,0,"â¥ï¸:â¥ï¸@satomimi__ â¥ï¸:â¥ï¸

ãƒ«ãƒ1æ—¥ã§40ä¸‡å›è¶…ã¯ã™ã”ã™ãã§ã™ğŸ˜‡

ã¿ã‚“ãªã•ã¨ã¿ãã‚“ã®æ­Œã„æ–¹å¥½ãã™ãã¦ä½•å›ã‚‚è´ã„ã¡ã‚ƒã„ã¾ã™ã‚ˆã­â¸œâ¤ï¸â¸â€()

ä»Šæ—¥ã‚‚1æ—¥ãŠç–²ã‚Œæ§˜ã§ã—ãŸ(((êœ† Ë™-Ë™ )êœ†ğŸµ

ã„ã„å¤¢è¦‹ã‚Œã¾ã™â€¦ https://t.co/zWkbXaZFFd"
845,0,@MrsAlghrani @greenbank1PR @MrsPlantGB @MissCusackGB @GreenbankSchool @MissKaemenaGB @heidi_garnett Gorgeous.. I love it xx
846,0,RT @starfader: why does my dad love it when Rick turns into a pickle when he won't support me when I turn into a girl???
847,0,Itâ€™s been so long since I have my skin some love... cucumber face mask where you AT? https://t.co/nfesTBMdeN
848,0,"Thank you dear, love this pic and Rob's hair hereğŸ˜ğŸ¥°ğŸ¥° Have a nice day to you tooğŸ¤—ğŸ˜˜â¤â¤ https://t.co/i8MaypCXMa"
849,0,@g_love_plus9 ãŸã™ãã¯ãƒã‚¸ã§ã‚»ãƒ³ã‚¹ã‚ã‚‹
